,thumb1,index1,middle1,pinky1,accelX1,accelY1,accelZ1,gForceX1,gForceY1,gForceZ1,gyroX1,gyroY1,gyroZ1,gesture
0,2483,0,2369,2453,-3.71,3.62,8.71,8.71,3.62,-3.71,-0.03,-0.04,-0.02,Steady...
1,2462,0,2377,2521,-3.78,3.52,8.75,8.75,3.52,-3.78,-0.04,-0.03,0,Steady...
2,2468,0,2363,2470,-3.75,3.64,8.72,8.72,3.64,-3.75,-0.03,-0.05,-0.01,Steady...
3,2448,0,2363,2486,-3.71,3.73,8.76,8.76,3.73,-3.71,-0.03,-0.04,-0.02,Steady...
4,2475,1625,2368,2470,-2.87,2.59,8.66,8.66,2.59,-2.87,-0.13,-0.03,-0.25,Steady...
5,2486,2227,2373,2476,-5.09,2.92,8.2,8.2,2.92,-5.09,-0.08,-0.01,-0.04,Steady...
6,2458,2256,2363,2481,-4.99,2.7,8.33,8.33,2.7,-4.99,-0.07,-0.07,-0.03,Steady...
7,2478,2195,2361,2502,-5.09,2.79,8.2,8.2,2.79,-5.09,0.03,-0.03,-0.01,Steady...
8,2450,2238,2361,2471,-5,3.15,8.02,8.02,3.15,-5,-0.04,-0.03,0,Steady...
9,2457,2244,2367,2470,-4.94,3.04,8.21,8.21,3.04,-4.94,-0.01,-0.05,-0.02,Steady...
10,2469,2221,2365,2458,-5.08,2.97,8.28,8.28,2.97,-5.08,-0.03,-0.05,-0.02,Steady...
11,2491,2224,2368,2467,-5.02,3.04,8.12,8.12,3.04,-5.02,-0.04,-0.04,-0.02,Steady...
12,2448,2240,2381,2475,-4.92,3,8.11,8.11,3,-4.92,-0.03,-0.04,-0.02,Steady...
13,2451,2234,2354,2451,-5,2.98,8.11,8.11,2.98,-5,-0.04,-0.04,-0.02,Steady...
14,2450,2225,2374,2485,-5,2.97,8.28,8.28,2.97,-5,-0.04,-0.04,-0.02,Steady...
15,2474,2230,2361,2492,-5,3,8.12,8.12,3,-5,-0.04,-0.04,-0.03,Steady...
16,2474,2246,2370,2471,-4.98,2.98,8.26,8.26,2.98,-4.98,-0.03,-0.04,-0.02,Steady...
17,2467,2256,2354,2467,-4.95,2.99,8.12,8.12,2.99,-4.95,-0.03,-0.04,-0.02,Steady...
18,2470,2249,2352,2495,-4.93,2.98,8.22,8.22,2.98,-4.93,-0.04,-0.04,-0.02,Steady...
19,2457,2224,2365,2479,-4.95,3.01,8.14,8.14,3.01,-4.95,-0.03,-0.04,-0.02,Steady...
20,2474,2237,2383,2474,-5.01,2.97,8.29,8.29,2.97,-5.01,-0.04,-0.04,-0.02,Steady...
21,2448,2227,2374,2493,-4.99,2.99,8.19,8.19,2.99,-4.99,-0.03,-0.04,-0.02,Steady...
22,2464,2233,2359,2483,-5.06,3,8.26,8.26,3,-5.06,-0.03,-0.04,-0.02,Steady...
23,2461,2229,2384,2494,-5.01,3.02,8.21,8.21,3.02,-5.01,-0.04,-0.04,-0.02,Steady...
24,2468,2236,2361,2477,-5,2.92,8.16,8.16,2.92,-5,-0.04,-0.05,-0.02,Steady...
25,2458,2254,2387,2480,-5.04,3,8.13,8.13,3,-5.04,-0.03,-0.04,-0.02,Steady...
26,2483,2239,2372,2480,-4.98,3.01,8.21,8.21,3.01,-4.98,-0.04,-0.04,-0.02,Steady...
27,2471,2238,2373,2487,-5.02,2.99,8.21,8.21,2.99,-5.02,-0.03,-0.04,-0.02,Steady...
28,2468,2229,2377,2497,-4.97,2.98,8.13,8.13,2.98,-4.97,-0.04,-0.04,-0.02,Steady...
29,2471,2251,2388,2453,-5,2.98,8.21,8.21,2.98,-5,-0.04,-0.04,-0.02,Steady...
30,2470,2240,2358,2489,-4.98,2.96,8.22,8.22,2.96,-4.98,-0.03,-0.04,-0.02,Steady...
31,2447,2224,2375,2480,-4.98,2.95,8.21,8.21,2.95,-4.98,-0.04,-0.04,-0.02,Steady...
32,2465,2231,2393,2489,-5.04,3.04,8.12,8.12,3.04,-5.04,-0.04,-0.04,-0.02,Steady...
33,2455,2254,2358,2511,-5.05,3.04,8.22,8.22,3.04,-5.05,-0.03,-0.04,-0.02,Steady...
34,2482,2220,2352,2430,-5,3,8.21,8.21,3,-5,-0.03,-0.04,-0.02,Steady...
35,2465,2228,2384,2480,-5.01,3.02,8.27,8.27,3.02,-5.01,-0.03,-0.04,-0.02,Steady...
36,2461,2236,2377,2466,-5.01,3,8.21,8.21,3,-5.01,-0.04,-0.04,-0.02,Steady...
37,2455,2241,2371,2493,-4.99,2.97,8.16,8.16,2.97,-4.99,-0.03,-0.04,-0.02,Steady...
38,2466,2242,2371,2470,-4.99,2.97,8.28,8.28,2.97,-4.99,-0.03,-0.04,-0.02,Steady...
39,2448,2239,2362,2486,-4.97,3.02,8.2,8.2,3.02,-4.97,-0.03,-0.04,-0.02,Steady...
40,2448,2227,2374,2475,-5.03,3.05,8.3,8.3,3.05,-5.03,-0.04,-0.04,-0.02,Steady...
41,2463,2236,2368,2462,-5.02,3,8.28,8.28,3,-5.02,-0.03,-0.04,-0.02,Steady...
42,2435,2238,2383,2449,-5.01,2.99,8.23,8.23,2.99,-5.01,-0.04,-0.05,-0.02,Steady...
43,2463,2240,2369,2485,-4.96,2.98,8.19,8.19,2.98,-4.96,-0.03,-0.04,-0.02,Steady...
44,2466,2238,2368,2471,-4.99,2.94,8.26,8.26,2.94,-4.99,-0.03,-0.04,-0.02,Steady...
45,2467,2242,2371,2479,-5.06,3,8.23,8.23,3,-5.06,-0.03,-0.04,-0.02,Steady...
46,2463,2251,2386,2477,-4.98,3,8.14,8.14,3,-4.98,-0.04,-0.04,-0.02,Steady...
47,2448,2237,2366,2471,-4.93,2.99,8.2,8.2,2.99,-4.93,-0.03,-0.04,-0.02,Steady...
48,2469,2231,2362,2450,-5.02,3,8.23,8.23,3,-5.02,-0.04,-0.04,-0.02,Steady...
49,2471,2241,2367,2461,-4.98,3.02,8.16,8.16,3.02,-4.98,-0.04,-0.04,-0.02,Steady...
50,2471,2222,2378,2480,-5.01,2.98,8.19,8.19,2.98,-5.01,-0.04,-0.04,-0.02,Steady...
51,2459,2243,2368,2522,-5,2.98,8.22,8.22,2.98,-5,-0.03,-0.05,-0.02,Steady...
52,2498,2235,2362,2468,-4.94,3.05,8.15,8.15,3.05,-4.94,-0.03,-0.04,-0.02,Steady...
53,2463,2252,2366,2491,-4.99,3.03,8.18,8.18,3.03,-4.99,-0.04,-0.04,-0.02,Steady...
54,2471,2239,2367,2480,-5.02,3.03,8.25,8.25,3.03,-5.02,-0.03,-0.04,-0.02,Steady...
55,2449,2247,2360,2463,-5,3.04,8.09,8.09,3.04,-5,-0.04,-0.05,-0.01,Steady...
56,2455,2241,2366,2479,-5.07,3.06,8.16,8.16,3.06,-5.07,-0.03,-0.04,-0.02,Steady...
57,2455,2255,2357,2483,-4.98,3.01,8.23,8.23,3.01,-4.98,-0.04,-0.04,-0.02,Steady...
58,2461,2247,2347,2494,-4.98,2.96,8.16,8.16,2.96,-4.98,-0.03,-0.04,-0.02,Steady...
59,2451,2256,2369,2481,-4.95,2.97,8.21,8.21,2.97,-4.95,-0.04,-0.04,-0.02,Steady...
60,2453,2255,2369,2483,-5.01,3.03,8.18,8.18,3.03,-5.01,-0.03,-0.04,-0.02,Steady...
61,2471,2242,2384,2483,-4.94,2.96,8.24,8.24,2.96,-4.94,-0.04,-0.04,-0.02,Steady...
62,2453,2238,2352,2494,-4.99,3.07,8.13,8.13,3.07,-4.99,-0.04,-0.04,-0.02,Steady...
63,2458,2241,2339,2482,-4.99,3.04,8.19,8.19,3.04,-4.99,-0.03,-0.04,-0.02,Steady...
64,2445,2245,2370,2474,-5.04,2.99,8.14,8.14,2.99,-5.04,-0.03,-0.04,-0.02,Steady...
65,2467,2232,2368,2462,-5,2.95,8.21,8.21,2.95,-5,-0.04,-0.04,-0.02,Steady...
66,2461,2238,2378,2474,-4.99,3,8.11,8.11,3,-4.99,-0.04,-0.04,-0.02,Steady...
67,2454,2235,2363,2478,-5.02,2.96,8.14,8.14,2.96,-5.02,-0.04,-0.04,-0.01,Steady...
68,2457,2256,2379,2506,-5.02,2.97,8.13,8.13,2.97,-5.02,-0.03,-0.04,-0.02,Steady...
69,2465,2256,2390,2462,-4.98,3,8.24,8.24,3,-4.98,-0.04,-0.04,-0.02,Steady...
70,2463,2241,2362,2477,-5,3,8.23,8.23,3,-5,-0.04,-0.04,-0.02,Steady...
71,2458,2240,2382,2478,-4.99,3.01,8.19,8.19,3.01,-4.99,-0.04,-0.05,-0.02,Steady...
72,2462,2249,2366,2479,-4.98,3,8.22,8.22,3,-4.98,-0.04,-0.04,-0.02,Steady...
73,2475,2241,2378,2480,-4.97,3.03,8.25,8.25,3.03,-4.97,-0.04,-0.04,-0.02,Steady...
74,2466,2238,2365,2481,-5.01,3.01,8.23,8.23,3.01,-5.01,-0.04,-0.04,-0.02,Steady...
75,2467,2229,2388,2480,-4.95,3.03,8.2,8.2,3.03,-4.95,-0.04,-0.04,-0.02,Steady...
76,2483,2230,2363,2485,-4.98,3.02,8.1,8.1,3.02,-4.98,-0.04,-0.04,-0.02,Steady...
77,2497,2235,2363,2461,-5.03,2.98,8.19,8.19,2.98,-5.03,-0.03,-0.04,-0.02,Steady...
78,2448,2235,2384,2480,-5.03,3.02,8.22,8.22,3.02,-5.03,-0.04,-0.04,-0.02,Steady...
79,2458,2242,2352,2470,-4.99,3.05,8.13,8.13,3.05,-4.99,-0.03,-0.04,-0.02,Steady...
80,2465,2249,2386,2474,-4.98,2.98,8.2,8.2,2.98,-4.98,-0.04,-0.04,-0.02,Steady...
81,2471,2228,2375,2529,-4.99,3.07,8.24,8.24,3.07,-4.99,-0.03,-0.04,-0.02,Steady...
82,2467,2240,2379,2462,-5.02,2.99,8.22,8.22,2.99,-5.02,-0.03,-0.04,-0.02,Steady...
83,2464,2240,2368,2483,-5.05,3.02,8.16,8.16,3.02,-5.05,-0.03,-0.04,-0.02,Steady...
84,2461,2243,2368,2482,-4.96,2.96,8.19,8.19,2.96,-4.96,-0.04,-0.04,-0.02,Steady...
85,2486,2243,2366,2471,-4.94,2.98,8.2,8.2,2.98,-4.94,-0.03,-0.04,-0.02,Steady...
86,2458,2245,2379,2475,-5.07,3.03,8.16,8.16,3.03,-5.07,-0.03,-0.04,-0.02,Steady...
87,2483,2251,2381,2480,-5,3.05,8.12,8.12,3.05,-5,-0.04,-0.04,-0.02,Steady...
88,2459,2237,2373,2484,-4.98,3.06,8.16,8.16,3.06,-4.98,-0.04,-0.04,-0.02,Steady...
89,2463,2245,2367,2448,-4.99,3.01,8.17,8.17,3.01,-4.99,-0.04,-0.04,-0.02,Steady...
90,2450,2250,2374,2480,-4.99,2.97,8.15,8.15,2.97,-4.99,-0.03,-0.04,-0.02,Steady...
91,2479,2245,2367,2490,-4.99,3.06,8.19,8.19,3.06,-4.99,-0.03,-0.04,-0.02,Steady...
92,2467,2249,2368,2480,-4.95,2.96,8.17,8.17,2.96,-4.95,-0.03,-0.04,-0.02,Steady...
93,2478,2252,2369,2473,-5.01,2.94,8.09,8.09,2.94,-5.01,-0.03,-0.04,-0.02,Steady...
94,2461,2237,2357,2485,-5.07,2.97,8.16,8.16,2.97,-5.07,-0.03,-0.04,-0.03,Steady...
95,2473,2240,2365,2485,-5.04,3.01,8.16,8.16,3.01,-5.04,-0.03,-0.04,-0.02,Steady...
96,2453,2251,2365,2476,-5.05,3.01,8.19,8.19,3.01,-5.05,-0.04,-0.04,-0.02,Steady...
97,2435,2240,2363,2480,-5.02,3.04,8.16,8.16,3.04,-5.02,-0.03,-0.04,-0.02,Steady...
98,2485,2235,2368,2477,-5.08,3.02,8.21,8.21,3.02,-5.08,-0.04,-0.04,-0.02,Steady...
99,2443,2240,2374,2477,-5.01,3.02,8.21,8.21,3.02,-5.01,-0.04,-0.04,-0.02,Steady...
100,2454,2246,2369,2484,-5.06,2.99,8.17,8.17,2.99,-5.06,-0.03,-0.04,-0.02,Steady...
101,2448,2231,2348,2487,-5.03,3,8.18,8.18,3,-5.03,-0.03,-0.04,-0.02,Steady...
102,2480,2267,2371,2462,-5,3.04,8.13,8.13,3.04,-5,-0.04,-0.04,-0.02,Steady...
103,2462,2249,2374,2478,-5.01,3.02,8.14,8.14,3.02,-5.01,-0.04,-0.04,-0.02,Steady...
104,2470,2229,2365,2474,-4.98,3.05,8.16,8.16,3.05,-4.98,-0.03,-0.04,-0.02,Steady...
105,2479,2249,2373,2479,-5.06,3.05,8.2,8.2,3.05,-5.06,-0.03,-0.04,-0.02,Steady...
106,2463,2244,2367,2481,-5,3.03,8.09,8.09,3.03,-5,-0.03,-0.04,-0.02,Steady...
107,2477,2235,2384,2471,-4.96,3.06,8.14,8.14,3.06,-4.96,-0.04,-0.04,-0.02,Steady...
108,2461,2252,2363,2495,-4.99,3.02,8.14,8.14,3.02,-4.99,-0.03,-0.04,-0.02,Steady...
109,2476,2242,2383,2474,-4.97,3.09,8.18,8.18,3.09,-4.97,-0.04,-0.04,-0.02,Steady...
110,2454,2258,2355,2488,-4.98,3.07,8.12,8.12,3.07,-4.98,-0.03,-0.04,-0.02,Steady...
111,2455,2235,2379,2483,-5.04,3.07,8.2,8.2,3.07,-5.04,-0.03,-0.04,-0.03,Steady...
112,2464,2211,2375,2468,-4.94,3.09,8.12,8.12,3.09,-4.94,-0.04,-0.04,-0.02,Steady...
113,2449,2257,2369,2486,-5.03,3.04,8.12,8.12,3.04,-5.03,-0.04,-0.04,-0.02,Steady...
114,2476,2250,2370,2476,-4.96,3.03,8.24,8.24,3.03,-4.96,-0.03,-0.04,-0.02,Steady...
115,2467,2247,2367,2480,-5,3.09,8.15,8.15,3.09,-5,-0.03,-0.04,-0.02,Steady...
116,2469,2247,2358,2481,-4.92,3.15,8.17,8.17,3.15,-4.92,-0.04,-0.04,-0.02,Steady...
117,2459,2213,2368,2491,-4.98,3.08,8.16,8.16,3.08,-4.98,-0.04,-0.04,-0.02,Steady...
118,2475,2254,2370,2514,-4.98,3.09,8.18,8.18,3.09,-4.98,-0.03,-0.04,-0.02,Steady...
119,2446,2239,2366,2448,-4.99,3.13,8.15,8.15,3.13,-4.99,-0.03,-0.04,-0.02,Steady...
120,2448,2253,2369,2479,-4.94,3.06,8.13,8.13,3.06,-4.94,-0.03,-0.04,-0.02,Steady...
121,2462,2256,2370,2480,-4.99,3.09,8.06,8.06,3.09,-4.99,-0.03,-0.04,-0.02,Steady...
122,2451,2235,2366,2467,-5.02,3.06,8.14,8.14,3.06,-5.02,-0.04,-0.04,-0.02,Steady...
123,2479,2242,2362,2510,-4.97,3.1,8.19,8.19,3.1,-4.97,-0.04,-0.04,-0.02,Steady...
124,2471,2219,2362,2482,-4.97,3.14,8.28,8.28,3.14,-4.97,-0.04,-0.04,-0.02,Steady...
125,2453,2242,2363,2485,-4.93,3.06,8.22,8.22,3.06,-4.93,-0.03,-0.04,-0.02,Steady...
126,2448,2228,2367,2487,-5.02,3.04,8.09,8.09,3.04,-5.02,-0.04,-0.04,-0.02,Steady...
127,2474,2235,2368,2511,-4.98,3.08,8.28,8.28,3.08,-4.98,-0.04,-0.05,-0.02,Steady...
128,2465,2254,2357,2451,-5.05,3.09,8.21,8.21,3.09,-5.05,-0.03,-0.04,-0.02,Steady...
129,2464,2257,2371,2481,-4.97,3.09,8.12,8.12,3.09,-4.97,-0.04,-0.04,-0.02,Steady...
130,2463,2245,2384,2487,-4.98,3.09,8.29,8.29,3.09,-4.98,-0.03,-0.04,-0.02,Steady...
131,2468,2238,2368,2499,-4.96,3.1,8.24,8.24,3.1,-4.96,-0.03,-0.04,-0.02,Steady...
132,2466,2256,2374,2457,-4.97,3.06,8.12,8.12,3.06,-4.97,-0.03,-0.05,-0.03,Steady...
133,2463,2243,2368,2480,-4.97,3.13,8.21,8.21,3.13,-4.97,-0.03,-0.04,-0.02,Steady...
134,2479,2250,2371,2466,-4.94,3.16,8.2,8.2,3.16,-4.94,-0.03,-0.05,-0.02,Steady...
135,2457,2242,2362,2495,-4.92,3.12,8.12,8.12,3.12,-4.92,-0.04,-0.04,-0.02,Steady...
136,2449,2249,2368,2485,-4.93,3.12,8.14,8.14,3.12,-4.93,-0.04,-0.04,-0.02,Steady...
137,2462,2241,2361,2473,-5,3.12,8.18,8.18,3.12,-5,-0.03,-0.04,-0.02,Steady...
138,2462,2240,2366,2455,-5.01,3.14,8.13,8.13,3.14,-5.01,-0.04,-0.04,-0.02,Steady...
139,2469,2269,2370,2480,-4.98,3.13,8.19,8.19,3.13,-4.98,-0.03,-0.04,-0.02,Steady...
140,2452,2231,2361,2491,-4.91,3.12,8.14,8.14,3.12,-4.91,-0.03,-0.05,-0.02,Steady...
141,2463,2237,2377,2483,-4.93,3.11,8.11,8.11,3.11,-4.93,-0.03,-0.04,-0.02,Steady...
142,2451,2209,2369,2466,-4.99,3.17,8.22,8.22,3.17,-4.99,-0.04,-0.04,-0.02,Steady...
143,2473,2233,2373,2486,-4.97,3.11,8.13,8.13,3.11,-4.97,-0.04,-0.04,-0.02,Steady...
144,2469,2250,2384,2506,-4.91,3.13,8.17,8.17,3.13,-4.91,-0.03,-0.04,-0.02,Steady...
145,2483,2250,2361,2491,-4.97,3.1,8.2,8.2,3.1,-4.97,-0.03,-0.04,-0.02,Steady...
146,2483,2224,2367,2487,-4.96,3.17,8.16,8.16,3.17,-4.96,-0.03,-0.04,-0.02,Steady...
147,2459,2235,2377,2475,-4.91,3.14,8.16,8.16,3.14,-4.91,-0.03,-0.04,-0.01,Steady...
148,2453,2236,2369,2493,-4.95,3.17,8.13,8.13,3.17,-4.95,-0.03,-0.04,-0.01,Steady...
149,2469,2247,2352,2477,-4.93,3.16,8.03,8.03,3.16,-4.93,-0.04,-0.04,-0.02,Steady...
150,2445,2243,2362,2471,-4.98,3.16,8.27,8.27,3.16,-4.98,-0.03,-0.04,-0.02,Steady...
151,2465,2247,2380,2494,-4.98,3.19,8.14,8.14,3.19,-4.98,-0.03,-0.04,-0.02,Steady...
152,2455,2240,2370,2505,-5.03,3.18,8.22,8.22,3.18,-5.03,-0.04,-0.05,-0.02,Steady...
153,2468,2245,2373,2479,-4.96,3.17,8.17,8.17,3.17,-4.96,-0.04,-0.04,-0.02,Steady...
154,2478,2251,2372,2496,-4.99,3.18,8.18,8.18,3.18,-4.99,-0.03,-0.04,-0.02,Steady...
155,2465,2247,2368,2530,-4.98,3.21,8.03,8.03,3.21,-4.98,-0.03,-0.04,-0.02,Steady...
156,2461,2236,2372,2479,-4.96,3.16,8.26,8.26,3.16,-4.96,-0.03,-0.05,-0.02,Steady...
157,2466,2243,2370,2477,-4.95,3.17,8.2,8.2,3.17,-4.95,-0.03,-0.04,-0.02,Steady...
158,2490,2232,2401,2494,-4.93,3.2,8.16,8.16,3.2,-4.93,-0.03,-0.04,-0.02,Steady...
159,2473,2240,2374,2474,-4.95,3.18,8.09,8.09,3.18,-4.95,-0.03,-0.05,-0.02,Steady...
160,2457,2247,2368,2481,-4.92,3.22,8.2,8.2,3.22,-4.92,-0.04,-0.05,-0.02,Steady...
161,2475,2240,2369,2480,-4.92,3.18,8.18,8.18,3.18,-4.92,-0.03,-0.04,-0.02,Steady...
162,2467,2240,2358,2482,-4.93,3.15,8.19,8.19,3.15,-4.93,-0.03,-0.04,-0.02,Steady...
163,2463,2230,2371,2487,-4.95,3.17,8.22,8.22,3.17,-4.95,-0.03,-0.04,-0.02,Steady...
164,2475,2247,2384,2480,-4.98,3.14,8.13,8.13,3.14,-4.98,-0.04,-0.04,-0.02,Steady...
165,2469,2228,2353,2480,-4.92,3.16,8.22,8.22,3.16,-4.92,-0.03,-0.04,-0.02,Steady...
166,2465,2238,2371,2464,-5.01,3.22,8.14,8.14,3.22,-5.01,-0.04,-0.04,-0.02,Steady...
167,2460,2245,2368,2477,-4.96,3.19,8.08,8.08,3.19,-4.96,-0.03,-0.04,-0.03,Steady...
168,2473,2224,2366,2478,-4.98,3.23,8.21,8.21,3.23,-4.98,-0.03,-0.04,-0.02,Steady...
169,2464,2231,2384,2494,-4.91,3.16,8.14,8.14,3.16,-4.91,-0.03,-0.04,-0.02,Steady...
170,2480,2239,2366,2493,-4.9,3.18,8.17,8.17,3.18,-4.9,-0.03,-0.04,-0.02,Steady...
171,2473,2239,2381,2464,-4.91,3.18,8.12,8.12,3.18,-4.91,-0.04,-0.04,-0.02,Steady...
172,2471,2233,2375,2485,-4.96,3.19,8.18,8.18,3.19,-4.96,-0.03,-0.04,-0.02,Steady...
173,2470,2254,2377,2478,-4.93,3.18,8.09,8.09,3.18,-4.93,-0.03,-0.05,-0.02,Steady...
174,2461,2240,2366,2463,-4.95,3.23,8.15,8.15,3.23,-4.95,-0.03,-0.04,-0.02,Steady...
175,2478,2235,2399,2497,-4.94,3.18,8.14,8.14,3.18,-4.94,-0.03,-0.05,-0.02,Steady...
176,2464,2239,2363,2483,-4.94,3.16,8.16,8.16,3.16,-4.94,-0.04,-0.04,-0.02,Steady...
177,2443,2231,2368,2493,-4.93,3.18,8.16,8.16,3.18,-4.93,-0.03,-0.04,-0.02,Steady...
178,2471,2239,2368,2483,-4.91,3.19,8.11,8.11,3.19,-4.91,-0.04,-0.04,-0.02,Steady...
179,2477,2269,2361,2478,-4.94,3.17,8.19,8.19,3.17,-4.94,-0.03,-0.04,-0.02,Steady...
180,2464,2230,2378,2480,-4.97,3.23,8.19,8.19,3.23,-4.97,-0.03,-0.04,-0.02,Steady...
181,2441,2241,2368,2501,-4.97,3.19,8.17,8.17,3.19,-4.97,-0.03,-0.05,-0.02,Steady...
182,2455,2226,2364,2463,-4.95,3.18,8.19,8.19,3.18,-4.95,-0.03,-0.04,-0.02,Steady...
183,2480,2235,2371,2480,-5.03,3.28,8.24,8.24,3.28,-5.03,-0.04,-0.05,-0.02,Steady...
184,2460,2249,2356,2480,-4.9,3.21,8.15,8.15,3.21,-4.9,-0.04,-0.05,-0.02,Steady...
185,2442,2245,2375,2482,-4.91,3.23,8.15,8.15,3.23,-4.91,-0.04,-0.04,-0.02,Steady...
186,2461,2237,2364,2479,-4.87,3.19,8.12,8.12,3.19,-4.87,-0.03,-0.04,-0.02,Steady...
187,2468,2270,2365,2477,-4.94,3.17,8.2,8.2,3.17,-4.94,-0.03,-0.04,-0.02,Steady...
188,2455,2242,2352,2492,-4.88,3.28,8.14,8.14,3.28,-4.88,-0.03,-0.05,-0.02,Steady...
189,2464,2244,2371,2507,-4.87,3.22,8.22,8.22,3.22,-4.87,-0.04,-0.05,-0.02,Steady...
190,2464,2243,2352,2481,-4.91,3.25,8.17,8.17,3.25,-4.91,-0.04,-0.04,-0.02,Steady...
191,2449,2253,2372,2472,-4.89,3.19,8.18,8.18,3.19,-4.89,-0.04,-0.04,-0.02,Steady...
192,2475,2246,2355,2465,-4.91,3.26,8.18,8.18,3.26,-4.91,-0.03,-0.04,-0.02,Steady...
193,2461,2241,2368,2471,-4.97,3.25,8.23,8.23,3.25,-4.97,-0.03,-0.04,-0.02,Steady...
194,2462,2246,2372,2478,-4.92,3.21,8.21,8.21,3.21,-4.92,-0.04,-0.04,-0.02,Steady...
195,2471,2235,2349,2475,-4.87,3.2,8.18,8.18,3.2,-4.87,-0.04,-0.04,-0.02,Steady...
196,2461,2244,2366,2482,-4.9,3.16,8.14,8.14,3.16,-4.9,-0.04,-0.05,-0.03,Steady...
197,2454,2259,2384,2496,-4.87,3.28,8.18,8.18,3.28,-4.87,-0.03,-0.04,-0.03,Steady...
198,2461,2246,2379,2471,-4.87,3.21,8.19,8.19,3.21,-4.87,-0.03,-0.04,-0.02,Steady...
199,2465,2245,2368,2458,-4.88,3.22,8.14,8.14,3.22,-4.88,-0.04,-0.04,-0.02,Steady...
200,2465,2240,2370,2470,-4.89,3.25,8.06,8.06,3.25,-4.89,-0.03,-0.04,-0.02,Steady...
201,2455,2245,2368,2471,-4.79,3.22,8.16,8.16,3.22,-4.79,-0.03,-0.04,-0.02,Steady...
202,2464,2247,2366,2480,-4.87,3.3,8.16,8.16,3.3,-4.87,-0.03,-0.05,-0.01,Steady...
203,2450,2231,2363,2448,-4.78,3.32,8.2,8.2,3.32,-4.78,-0.03,-0.04,-0.02,Steady...
204,2466,2249,2370,2462,-4.92,3.3,8.07,8.07,3.3,-4.92,-0.04,-0.04,-0.02,Steady...
205,2463,2246,2367,2471,-4.86,3.26,8.24,8.24,3.26,-4.86,-0.03,-0.04,-0.02,Steady...
206,2477,2224,2362,2455,-4.81,3.29,8.23,8.23,3.29,-4.81,-0.04,-0.04,-0.02,Steady...
207,2473,2230,2377,2466,-4.84,3.3,8.19,8.19,3.3,-4.84,-0.03,-0.04,-0.02,Steady...
208,2467,2230,2373,2435,-4.86,3.26,8.23,8.23,3.26,-4.86,-0.03,-0.04,-0.02,Steady...
209,2464,2246,2372,2490,-4.85,3.29,8.2,8.2,3.29,-4.85,-0.04,-0.04,-0.02,Steady...
210,2468,2242,2368,2501,-4.76,3.33,8.21,8.21,3.33,-4.76,-0.03,-0.04,-0.02,Steady...
211,2465,2243,2368,2481,-4.82,3.26,8.19,8.19,3.26,-4.82,-0.03,-0.05,-0.02,Steady...
212,2476,2256,2342,2473,-4.78,3.26,8.21,8.21,3.26,-4.78,-0.03,-0.04,-0.02,Steady...
213,2469,2246,2366,2491,-4.81,3.29,8.21,8.21,3.29,-4.81,-0.03,-0.05,-0.02,Steady...
214,2485,2226,2379,2487,-4.81,3.31,8.16,8.16,3.31,-4.81,-0.03,-0.04,-0.02,Steady...
215,2449,2238,2385,2499,-4.78,3.35,8.24,8.24,3.35,-4.78,-0.04,-0.05,-0.02,Steady...
216,2453,2245,2373,2471,-4.77,3.28,8.3,8.3,3.28,-4.77,-0.03,-0.05,-0.02,Steady...
217,2462,2244,2377,2463,-4.74,3.29,8.22,8.22,3.29,-4.74,-0.03,-0.04,-0.02,Steady...
218,2477,2243,2380,2475,-4.81,3.3,8.08,8.08,3.3,-4.81,-0.04,-0.04,-0.02,Steady...
219,2470,2232,2371,2477,-4.76,3.33,8.25,8.25,3.33,-4.76,-0.03,-0.04,-0.02,Steady...
220,2471,2245,2373,2493,-4.77,3.34,8.19,8.19,3.34,-4.77,-0.04,-0.04,-0.02,Steady...
221,2445,2237,2374,2487,-4.78,3.26,8.18,8.18,3.26,-4.78,-0.04,-0.04,-0.02,Steady...
222,2482,2245,2381,2474,-4.79,3.36,8.28,8.28,3.36,-4.79,-0.04,-0.04,-0.02,Steady...
223,2496,2253,2365,2449,-4.8,3.32,8.24,8.24,3.32,-4.8,-0.04,-0.04,-0.02,Steady...
224,2467,2243,2384,2480,-4.84,3.41,8.26,8.26,3.41,-4.84,-0.04,-0.04,-0.02,Steady...
225,2475,2226,2373,2482,-4.83,3.31,8.22,8.22,3.31,-4.83,-0.03,-0.04,-0.02,Steady...
226,2458,2235,2369,2482,-4.76,3.36,8.21,8.21,3.36,-4.76,-0.04,-0.04,-0.02,Steady...
227,2458,2234,2379,2483,-4.78,3.33,8.23,8.23,3.33,-4.78,-0.04,-0.04,-0.02,Steady...
228,2462,2251,2371,2468,-4.77,3.31,8.19,8.19,3.31,-4.77,-0.03,-0.04,-0.02,Steady...
229,2475,2233,2370,2474,-4.8,3.38,8.26,8.26,3.38,-4.8,-0.03,-0.04,-0.02,Steady...
230,2462,2227,2369,2475,-4.75,3.32,8.19,8.19,3.32,-4.75,-0.03,-0.04,-0.02,Steady...
231,2463,2240,2366,2476,-4.76,3.33,8.21,8.21,3.33,-4.76,-0.04,-0.04,-0.02,Steady...
232,2462,2230,2374,2479,-4.81,3.29,8.18,8.18,3.29,-4.81,-0.03,-0.04,-0.02,Steady...
233,2467,2224,2375,2466,-4.78,3.36,8.2,8.2,3.36,-4.78,-0.04,-0.04,-0.02,Steady...
234,2454,2242,2391,2483,-4.83,3.3,8.2,8.2,3.3,-4.83,-0.04,-0.04,-0.02,Steady...
235,2449,2242,2361,2519,-4.78,3.27,8.21,8.21,3.27,-4.78,-0.04,-0.04,-0.02,Steady...
236,2458,2236,2368,2479,-4.74,3.35,8.28,8.28,3.35,-4.74,-0.03,-0.04,-0.02,Steady...
237,2464,2257,2366,2469,-4.74,3.32,8.15,8.15,3.32,-4.74,-0.04,-0.04,-0.02,Steady...
238,2461,2240,2371,2476,-4.8,3.35,8.18,8.18,3.35,-4.8,-0.04,-0.05,-0.02,Steady...
239,2448,2235,2367,2490,-4.77,3.33,8.23,8.23,3.33,-4.77,-0.04,-0.05,-0.02,Steady...
240,2480,2231,2375,2485,-4.73,3.3,8.22,8.22,3.3,-4.73,-0.03,-0.04,-0.02,Steady...
241,2474,2245,2357,2485,-4.8,3.35,8.25,8.25,3.35,-4.8,-0.03,-0.04,-0.02,Steady...
242,2476,2253,2380,2482,-4.76,3.33,8.15,8.15,3.33,-4.76,-0.03,-0.05,-0.02,Steady...
243,2463,2254,2382,2492,-4.8,3.34,8.23,8.23,3.34,-4.8,-0.03,-0.04,-0.02,Steady...
244,2462,2235,2369,2470,-4.81,3.31,8.2,8.2,3.31,-4.81,-0.04,-0.04,-0.02,Steady...
245,2471,2240,2368,2491,-4.79,3.35,8.21,8.21,3.35,-4.79,-0.04,-0.04,-0.02,Steady...
246,2458,2240,2353,2485,-4.7,3.36,8.24,8.24,3.36,-4.7,-0.04,-0.04,-0.02,Steady...
247,2468,2217,2368,2464,-4.74,3.31,8.19,8.19,3.31,-4.74,-0.03,-0.04,-0.02,Steady...
248,2460,2247,2362,2478,-4.83,3.33,8.24,8.24,3.33,-4.83,-0.03,-0.05,-0.02,Steady...
249,2463,2256,2373,2480,-4.79,3.33,8.24,8.24,3.33,-4.79,-0.04,-0.04,-0.02,Steady...
250,2457,2251,2370,2480,-4.77,3.32,8.18,8.18,3.32,-4.77,-0.03,-0.04,-0.02,Steady...
251,2451,2219,2395,2499,-4.78,3.3,8.27,8.27,3.3,-4.78,-0.04,-0.04,-0.02,Steady...
252,2482,2243,2369,2483,-4.78,3.3,8.2,8.2,3.3,-4.78,-0.04,-0.04,-0.03,Steady...
253,2467,2229,2370,2482,-4.78,3.37,8.28,8.28,3.37,-4.78,-0.04,-0.04,-0.02,Steady...
254,2463,2259,2379,2490,-4.77,3.31,8.15,8.15,3.31,-4.77,-0.03,-0.04,-0.02,Steady...
255,2454,2245,2377,2467,-4.78,3.34,8.13,8.13,3.34,-4.78,-0.03,-0.04,-0.02,Steady...
256,2453,2247,2362,2473,-4.79,3.37,8.17,8.17,3.37,-4.79,-0.04,-0.04,-0.02,Steady...
257,2444,2240,2373,2432,-4.7,3.36,8.26,8.26,3.36,-4.7,-0.04,-0.04,-0.02,Steady...
258,2437,2251,2366,2480,-4.76,3.37,8.23,8.23,3.37,-4.76,-0.04,-0.04,-0.02,Steady...
259,2467,2229,2384,2470,-4.74,3.35,8.17,8.17,3.35,-4.74,-0.04,-0.04,-0.02,Steady...
260,2466,2247,2357,2474,-4.78,3.35,8.15,8.15,3.35,-4.78,-0.04,-0.04,-0.02,Steady...
261,2473,2254,2362,2489,-4.74,3.3,8.19,8.19,3.3,-4.74,-0.04,-0.04,-0.02,Steady...
262,2473,2240,2366,2491,-4.81,3.38,8.28,8.28,3.38,-4.81,-0.03,-0.05,-0.02,Steady...
263,2448,2231,2357,2480,-4.77,3.37,8.24,8.24,3.37,-4.77,-0.04,-0.04,-0.02,Steady...
264,2439,2231,2381,2507,-4.75,3.32,8.2,8.2,3.32,-4.75,-0.03,-0.04,-0.02,Steady...
265,2457,2258,2352,2487,-4.7,3.31,8.2,8.2,3.31,-4.7,-0.03,-0.04,-0.02,Steady...
266,2479,2247,2368,2481,-4.74,3.23,8.14,8.14,3.23,-4.74,-0.04,-0.04,-0.02,Steady...
267,2462,2251,2401,2483,-4.73,3.3,8.24,8.24,3.3,-4.73,-0.03,-0.04,-0.03,Steady...
268,2462,2242,2368,2478,-4.83,3.32,8.24,8.24,3.32,-4.83,-0.04,-0.04,-0.02,Steady...
269,2464,2257,2372,2448,-4.79,3.34,8.24,8.24,3.34,-4.79,-0.03,-0.04,-0.02,Steady...
270,2447,2256,2414,2487,-4.77,3.32,8.16,8.16,3.32,-4.77,-0.03,-0.04,-0.02,Steady...
271,2479,2245,2366,2475,-4.67,3.34,8.18,8.18,3.34,-4.67,-0.03,-0.05,-0.02,Steady...
272,2464,2252,2368,2485,-4.63,3.36,8.2,8.2,3.36,-4.63,-0.04,-0.04,-0.02,Steady...
273,2467,2257,2364,2459,-4.74,3.36,8.21,8.21,3.36,-4.74,-0.03,-0.04,-0.02,Steady...
274,2450,2254,2361,2461,-4.79,3.29,8.1,8.1,3.29,-4.79,-0.04,-0.04,-0.02,Steady...
275,2477,2236,2373,2471,-4.73,3.32,8.19,8.19,3.32,-4.73,-0.03,-0.04,-0.02,Steady...
276,2459,2237,2365,2469,-4.73,3.32,8.19,8.19,3.32,-4.73,-0.03,-0.04,-0.02,Steady...
277,2471,2252,2375,2473,-4.8,3.36,8.2,8.2,3.36,-4.8,-0.03,-0.05,-0.02,Steady...
278,2479,2242,2366,2486,-4.84,3.32,8.22,8.22,3.32,-4.84,-0.04,-0.04,-0.02,Steady...
279,2463,2247,2365,2473,-4.77,3.32,8.2,8.2,3.32,-4.77,-0.04,-0.04,-0.02,Steady...
280,2462,2249,2372,2477,-4.75,3.3,8.29,8.29,3.3,-4.75,-0.03,-0.04,-0.02,Steady...
281,2448,2234,2363,2496,-4.79,3.35,8.19,8.19,3.35,-4.79,-0.04,-0.04,-0.02,Steady...
282,2464,2245,2378,2478,-4.75,3.36,8.22,8.22,3.36,-4.75,-0.03,-0.04,-0.02,Steady...
283,2510,2245,2373,2458,-4.8,3.34,8.15,8.15,3.34,-4.8,-0.03,-0.04,-0.02,Steady...
284,2477,2243,2383,2487,-4.73,3.3,8.3,8.3,3.3,-4.73,-0.04,-0.04,-0.02,Steady...
285,2469,2234,2367,2480,-4.8,3.28,8.21,8.21,3.28,-4.8,-0.03,-0.05,-0.02,Steady...
286,2448,2241,2371,2487,-4.79,3.35,8.25,8.25,3.35,-4.79,-0.03,-0.04,-0.02,Steady...
287,2450,2229,2366,2482,-4.78,3.36,8.19,8.19,3.36,-4.78,-0.03,-0.04,-0.02,Steady...
288,2481,2243,2390,2519,-4.74,3.34,8.19,8.19,3.34,-4.74,-0.03,-0.04,-0.02,Steady...
289,2464,2237,2367,2475,-4.8,3.31,8.25,8.25,3.31,-4.8,-0.03,-0.04,-0.02,Steady...
290,2448,2256,2368,2475,-4.77,3.34,8.21,8.21,3.34,-4.77,-0.03,-0.04,-0.02,Steady...
291,2480,2241,2370,2448,-4.69,3.3,8.2,8.2,3.3,-4.69,-0.02,-0.03,-0.03,Steady...
292,2478,2231,2364,2489,-4.75,3.34,8.21,8.21,3.34,-4.75,-0.02,-0.05,-0.02,Steady...
293,2475,2239,2395,2498,-4.73,3.39,8.26,8.26,3.39,-4.73,-0.03,-0.05,-0.01,Steady...
294,2465,2246,2370,2480,-4.67,3.43,8.25,8.25,3.43,-4.67,-0.04,-0.04,-0.04,Steady...
295,2465,2251,2383,2487,-4.67,3.46,8.19,8.19,3.46,-4.67,-0.04,-0.04,-0.02,Steady...
296,2474,2240,2385,2471,-4.68,3.44,8.16,8.16,3.44,-4.68,-0.03,-0.04,-0.02,Steady...
297,2467,2244,2365,2489,-4.69,3.42,8.15,8.15,3.42,-4.69,-0.03,-0.04,-0.02,Steady...
298,2457,2236,2373,2499,-4.65,3.47,8.3,8.3,3.47,-4.65,-0.03,-0.04,-0.02,Steady...
299,2482,2233,2385,2480,-4.66,3.36,8.27,8.27,3.36,-4.66,-0.03,-0.04,-0.02,Steady...
300,2470,2246,2368,2480,-4.63,3.44,8.26,8.26,3.44,-4.63,-0.04,-0.04,-0.02,Steady...
301,2455,2237,2389,2483,-4.64,3.4,8.21,8.21,3.4,-4.64,-0.03,-0.04,-0.02,Steady...
302,2460,2246,2377,2491,-4.68,3.5,8.22,8.22,3.5,-4.68,-0.04,-0.04,-0.02,Steady...
303,2464,2242,2367,2477,-4.61,3.39,8.2,8.2,3.39,-4.61,-0.03,-0.04,-0.02,Steady...
304,2475,2234,2359,2492,-4.7,3.39,8.21,8.21,3.39,-4.7,-0.03,-0.04,-0.02,Steady...
305,2459,2243,2378,2484,-4.68,3.44,8.22,8.22,3.44,-4.68,-0.03,-0.04,-0.02,Steady...
306,2460,2262,2343,2471,-4.71,3.4,8.22,8.22,3.4,-4.71,-0.03,-0.04,-0.02,Steady...
307,2465,2251,2377,2475,-4.62,3.42,8.29,8.29,3.42,-4.62,-0.03,-0.04,-0.02,Steady...
308,2454,2260,2366,2482,-4.68,3.4,8.18,8.18,3.4,-4.68,-0.03,-0.04,-0.02,Steady...
309,2490,2234,2366,2481,-4.67,3.37,8.24,8.24,3.37,-4.67,-0.03,-0.04,-0.02,Steady...
310,2470,2239,2369,2475,-4.7,3.4,8.24,8.24,3.4,-4.7,-0.04,-0.04,-0.02,Steady...
311,2459,2242,2388,2497,-4.67,3.41,8.22,8.22,3.41,-4.67,-0.03,-0.04,-0.02,Steady...
312,2473,2243,2379,2485,-4.69,3.45,8.24,8.24,3.45,-4.69,-0.03,-0.04,-0.02,Steady...
313,2439,2231,2383,2496,-4.66,3.38,8.24,8.24,3.38,-4.66,-0.03,-0.04,-0.02,Steady...
314,2470,2245,2371,2475,-4.65,3.44,8.15,8.15,3.44,-4.65,-0.03,-0.05,-0.03,Steady...
315,2479,2223,2362,2483,-4.64,3.39,8.23,8.23,3.39,-4.64,-0.03,-0.05,-0.02,Steady...
316,2480,2224,2381,2496,-4.71,3.45,8.2,8.2,3.45,-4.71,-0.03,-0.04,-0.02,Steady...
317,2448,2250,2384,2497,-4.68,3.42,8.23,8.23,3.42,-4.68,-0.04,-0.04,-0.02,Steady...
318,2467,2247,2359,2485,-4.66,3.47,8.3,8.3,3.47,-4.66,-0.03,-0.04,-0.02,Steady...
319,2469,2233,2373,2477,-4.68,3.42,8.27,8.27,3.42,-4.68,-0.04,-0.04,-0.02,Steady...
320,2448,2241,2364,2485,-4.63,3.46,8.18,8.18,3.46,-4.63,-0.03,-0.04,-0.02,Steady...
321,2469,2243,2363,2474,-4.69,3.41,8.25,8.25,3.41,-4.69,-0.04,-0.04,-0.02,Steady...
322,2477,2253,2368,2480,-4.69,3.41,8.33,8.33,3.41,-4.69,-0.04,-0.04,-0.02,Steady...
323,2464,2243,2358,2492,-4.68,3.42,8.17,8.17,3.42,-4.68,-0.04,-0.04,-0.02,Steady...
324,2470,2243,2369,2479,-4.66,3.34,8.28,8.28,3.34,-4.66,-0.04,-0.05,-0.02,Steady...
325,2460,2251,2368,2486,-4.73,3.46,8.31,8.31,3.46,-4.73,-0.04,-0.04,-0.02,Steady...
326,2465,2233,2368,2483,-4.64,3.41,8.22,8.22,3.41,-4.64,-0.03,-0.04,-0.02,Steady...
327,2471,2231,2380,2480,-4.67,3.36,8.18,8.18,3.36,-4.67,-0.03,-0.04,-0.02,Steady...
328,2475,2243,2359,2476,-4.65,3.45,8.28,8.28,3.45,-4.65,-0.03,-0.04,-0.02,Steady...
329,2475,2254,2384,2465,-4.75,3.4,8.32,8.32,3.4,-4.75,-0.03,-0.04,-0.02,Steady...
330,2467,2230,2358,2471,-4.64,3.49,8.24,8.24,3.49,-4.64,-0.04,-0.04,-0.02,Steady...
331,2462,2235,2384,2489,-4.7,3.38,8.13,8.13,3.38,-4.7,-0.03,-0.04,-0.02,Steady...
332,2459,2221,2374,2485,-4.68,3.45,8.24,8.24,3.45,-4.68,-0.04,-0.04,-0.02,Steady...
333,2455,2257,2370,2479,-4.64,3.44,8.15,8.15,3.44,-4.64,-0.03,-0.04,-0.02,Steady...
334,2449,2234,2373,2479,-4.67,3.41,8.23,8.23,3.41,-4.67,-0.03,-0.04,-0.03,Steady...
335,2471,2250,2374,2485,-4.7,3.43,8.32,8.32,3.43,-4.7,-0.03,-0.05,-0.02,Steady...
336,2480,2253,2365,2495,-4.66,3.39,8.19,8.19,3.39,-4.66,-0.04,-0.04,-0.03,Steady...
337,2461,2249,2368,2469,-4.7,3.46,8.24,8.24,3.46,-4.7,-0.03,-0.04,-0.02,Steady...
338,2465,2224,2383,2494,-4.65,3.5,8.22,8.22,3.5,-4.65,-0.03,-0.04,-0.02,Steady...
339,2461,2252,2370,2480,-4.68,3.42,8.27,8.27,3.42,-4.68,-0.03,-0.04,-0.02,Steady...
340,2465,2243,2377,2470,-4.69,3.44,8.14,8.14,3.44,-4.69,-0.04,-0.04,-0.02,Steady...
341,2455,2254,2359,2490,-4.62,3.4,8.17,8.17,3.4,-4.62,-0.04,-0.04,-0.02,Steady...
342,2455,2240,2366,2486,-4.68,3.42,8.2,8.2,3.42,-4.68,-0.04,-0.04,-0.02,Steady...
343,2475,2249,2383,2482,-4.64,3.39,8.17,8.17,3.39,-4.64,-0.03,-0.04,-0.02,Steady...
344,2475,2247,2353,2475,-4.64,3.42,8.31,8.31,3.42,-4.64,-0.03,-0.04,-0.02,Steady...
345,2474,2251,2381,2455,-4.69,3.45,8.13,8.13,3.45,-4.69,-0.04,-0.04,-0.02,Steady...
346,2471,2240,2371,2483,-4.67,3.45,8.14,8.14,3.45,-4.67,-0.04,-0.05,-0.02,Steady...
347,2455,2269,2373,2507,-4.66,3.41,8.28,8.28,3.41,-4.66,-0.03,-0.04,-0.02,Steady...
348,2470,2241,2387,2479,-4.63,3.44,8.2,8.2,3.44,-4.63,-0.04,-0.05,-0.02,Steady...
349,2475,2239,2380,2477,-4.64,3.44,8.21,8.21,3.44,-4.64,-0.03,-0.04,-0.02,Steady...
350,2449,2249,2384,2469,-4.68,3.38,8.22,8.22,3.38,-4.68,-0.03,-0.04,-0.02,Steady...
351,2469,2243,2366,2467,-4.65,3.49,8.23,8.23,3.49,-4.65,-0.04,-0.04,-0.02,Steady...
352,2457,2251,2352,2462,-4.71,3.46,8.24,8.24,3.46,-4.71,-0.03,-0.04,-0.02,Steady...
353,2467,2245,2368,2491,-4.65,3.44,8.2,8.2,3.44,-4.65,-0.04,-0.04,-0.02,Steady...
354,2462,2234,2364,2486,-4.66,3.44,8.22,8.22,3.44,-4.66,-0.03,-0.04,-0.02,Steady...
355,2487,2225,2380,2479,-4.68,3.44,8.28,8.28,3.44,-4.68,-0.03,-0.04,-0.02,Steady...
356,2470,2241,2375,2475,-4.73,3.42,8.15,8.15,3.42,-4.73,-0.04,-0.04,-0.02,Steady...
357,2469,2237,2370,2471,-4.71,3.42,8.17,8.17,3.42,-4.71,-0.04,-0.04,-0.02,Steady...
358,2470,2240,2374,2475,-4.66,3.4,8.25,8.25,3.4,-4.66,-0.04,-0.04,-0.02,Steady...
359,2466,2231,2384,2439,-4.73,3.46,8.2,8.2,3.46,-4.73,-0.04,-0.04,-0.02,Steady...
360,2474,2247,2381,2480,-4.68,3.48,8.15,8.15,3.48,-4.68,-0.04,-0.04,-0.02,Steady...
361,2464,2235,2369,2487,-4.69,3.43,8.26,8.26,3.43,-4.69,-0.04,-0.04,-0.02,Steady...
362,2463,2231,2373,2448,-4.67,3.42,8.25,8.25,3.42,-4.67,-0.04,-0.05,-0.02,Steady...
363,2448,2243,2379,2474,-4.67,3.41,8.19,8.19,3.41,-4.67,-0.03,-0.04,-0.02,Steady...
364,2475,2224,2373,2480,-4.62,3.42,8.18,8.18,3.42,-4.62,-0.03,-0.05,-0.02,Steady...
365,2481,2231,2365,2477,-4.71,3.45,8.25,8.25,3.45,-4.71,-0.03,-0.04,-0.02,Steady...
366,2474,2271,2384,2501,-4.64,3.46,8.14,8.14,3.46,-4.64,-0.04,-0.04,-0.02,Steady...
367,2454,2238,2368,2470,-4.66,3.46,8.22,8.22,3.46,-4.66,-0.04,-0.04,-0.02,Steady...
368,2474,2235,2370,2489,-4.69,3.46,8.22,8.22,3.46,-4.69,-0.04,-0.04,-0.03,Steady...
369,2438,2245,2379,2448,-4.7,3.43,8.24,8.24,3.43,-4.7,-0.03,-0.04,-0.02,Steady...
370,2458,2251,2367,2472,-4.71,3.44,8.23,8.23,3.44,-4.71,-0.04,-0.04,-0.02,Steady...
371,2475,2241,2370,2497,-4.7,3.43,8.17,8.17,3.43,-4.7,-0.04,-0.04,-0.02,Steady...
372,2463,2242,2357,2490,-4.68,3.43,8.14,8.14,3.43,-4.68,-0.04,-0.04,-0.02,Steady...
373,2405,2256,2368,2483,-4.7,3.42,8.23,8.23,3.42,-4.7,-0.03,-0.04,-0.02,Steady...
374,2464,2244,2384,2493,-4.73,3.46,8.22,8.22,3.46,-4.73,-0.04,-0.04,-0.02,Steady...
375,2458,2243,2383,2483,-4.64,3.46,8.24,8.24,3.46,-4.64,-0.04,-0.04,-0.02,Steady...
376,2469,2229,2384,2480,-4.68,3.43,8.23,8.23,3.43,-4.68,-0.04,-0.04,-0.02,Steady...
377,2467,2239,2371,2480,-4.63,3.41,8.19,8.19,3.41,-4.63,-0.03,-0.04,-0.02,Steady...
378,2479,2231,2386,2497,-4.7,3.47,8.31,8.31,3.47,-4.7,-0.04,-0.04,-0.02,Steady...
379,2480,2239,2368,2471,-4.66,3.41,8.25,8.25,3.41,-4.66,-0.04,-0.04,-0.02,Steady...
380,2505,2234,2375,2490,-4.66,3.45,8.17,8.17,3.45,-4.66,-0.04,-0.04,-0.02,Steady...
381,2459,2224,2370,2482,-4.65,3.45,8.2,8.2,3.45,-4.65,-0.04,-0.04,-0.02,Steady...
382,2464,2241,2368,2470,-4.74,3.43,8.2,8.2,3.43,-4.74,-0.03,-0.05,-0.02,Steady...
383,2463,2247,2374,2480,-4.68,3.47,8.17,8.17,3.47,-4.68,-0.04,-0.04,-0.02,Steady...
384,2458,2252,2356,2480,-4.66,3.44,8.27,8.27,3.44,-4.66,-0.04,-0.04,-0.02,Steady...
385,2473,2246,2368,2463,-4.69,3.45,8.21,8.21,3.45,-4.69,-0.04,-0.04,-0.02,Steady...
386,2435,2245,2345,2480,-4.64,3.42,8.2,8.2,3.42,-4.64,-0.03,-0.05,-0.02,Steady...
387,2458,2230,2380,2481,-4.61,3.49,8.24,8.24,3.49,-4.61,-0.03,-0.04,-0.02,Steady...
388,2467,2221,2373,2480,-4.64,3.39,8.2,8.2,3.39,-4.64,-0.03,-0.04,-0.02,Steady...
389,2475,2235,2368,2487,-4.68,3.41,8.21,8.21,3.41,-4.68,-0.04,-0.04,-0.02,Steady...
390,2471,2225,2356,2467,-4.66,3.42,8.36,8.36,3.42,-4.66,-0.03,-0.04,-0.02,Steady...
391,2471,2219,2375,2480,-4.67,3.37,8.24,8.24,3.37,-4.67,-0.04,-0.03,-0.03,Steady...
392,2477,2224,2357,2483,-4.58,3.49,8.16,8.16,3.49,-4.58,-0.06,-0.02,-0.03,Steady...
393,2471,2251,2381,2471,-4.74,3.34,8.23,8.23,3.34,-4.74,-0.04,-0.03,-0.03,Steady...
394,2453,2236,2378,2461,-4.82,3.37,8.08,8.08,3.37,-4.82,-0.04,-0.04,-0.02,Steady...
395,2480,2254,2378,2471,-4.79,3.29,8.2,8.2,3.29,-4.79,-0.04,-0.05,-0.02,Steady...
396,2479,2226,2371,2485,-4.83,3.31,8.23,8.23,3.31,-4.83,-0.04,-0.04,-0.02,Steady...
397,2471,2256,2362,2495,-4.85,3.34,8.11,8.11,3.34,-4.85,-0.03,-0.04,-0.02,Steady...
398,2478,2252,2352,2485,-4.84,3.33,8.26,8.26,3.33,-4.84,-0.03,-0.05,-0.02,Steady...
399,2433,2233,2365,2483,-4.76,3.4,8.17,8.17,3.4,-4.76,-0.03,-0.04,-0.02,Steady...
400,2452,2229,2349,2455,-4.81,3.36,8.12,8.12,3.36,-4.81,-0.03,-0.04,-0.02,Steady...
401,2429,2222,2358,2467,-4.75,3.4,8.21,8.21,3.4,-4.75,-0.03,-0.05,-0.02,Steady...
402,2459,2244,2379,2475,-4.79,3.43,8.18,8.18,3.43,-4.79,-0.03,-0.05,-0.02,Steady...
403,2455,2225,2375,2485,-4.77,3.4,8.19,8.19,3.4,-4.77,-0.03,-0.04,-0.02,Steady...
404,2467,2238,2378,2480,-4.71,3.4,8.2,8.2,3.4,-4.71,-0.03,-0.04,-0.01,Steady...
405,2479,2242,2379,2495,-4.76,3.4,8.15,8.15,3.4,-4.76,-0.03,-0.05,-0.02,Steady...
406,2454,2238,2368,2491,-4.73,3.39,8.17,8.17,3.39,-4.73,-0.04,-0.04,-0.01,Steady...
407,2471,2236,2375,2498,-4.64,3.44,8.29,8.29,3.44,-4.64,-0.04,-0.05,-0.01,Steady...
408,2417,2239,2372,2496,-4.72,3.46,8.29,8.29,3.46,-4.72,-0.03,-0.04,-0.01,Steady...
409,2461,2240,2377,2480,-4.72,3.43,8.27,8.27,3.43,-4.72,-0.04,-0.04,-0.02,Steady...
410,2461,2240,2368,2484,-4.6,3.45,8.21,8.21,3.45,-4.6,-0.03,-0.05,-0.02,Steady...
