,thumb1,index1,middle1,pinky1,accelX1,accelY1,accelZ1,gForceX1,gForceY1,gForceZ1,gyroX1,gyroY1,gyroZ1,gesture
0,2461,2077,2379,2454,-2,1.55,10.14,10.14,1.55,-2,-0.03,-0.02,-0.02,Nice!
1,2463,2145,2383,2497,-1.99,1.54,10.06,10.06,1.54,-1.99,-0.02,-0.03,-0.02,Nice!
2,2484,2175,2398,2459,-2.07,1.69,10.06,10.06,1.69,-2.07,-0.02,-0.05,-0.02,Nice!
3,2490,2202,2324,2514,-2.26,1.94,9.91,9.91,1.94,-2.26,0.04,0.04,-0.03,Nice!
4,2464,2245,2381,2463,-2.67,2.08,9.44,9.44,2.08,-2.67,0.08,0.24,-0.05,Nice!
5,2463,0,2365,2480,-3.92,3.33,8.8,8.8,3.33,-3.92,-0.04,0.15,-0.08,Nice!
6,2469,0,2389,2497,-5.14,3.3,8.12,8.12,3.3,-5.14,-0.17,0.14,-0.08,Nice!
7,2495,2257,2384,2523,-5.24,2.79,8.12,8.12,2.79,-5.24,-0.05,-0.02,-0.03,Nice!
8,2450,2181,2389,2499,-5.26,2.74,8.19,8.19,2.74,-5.26,-0.05,-0.04,-0.02,Nice!
9,2497,2192,2384,2517,-5.36,2.77,8.17,8.17,2.77,-5.36,-0.05,-0.03,-0.03,Nice!
10,2510,0,2377,2467,-5.32,2.8,8.2,8.2,2.8,-5.32,-0.04,-0.05,-0.02,Nice!
11,2480,0,2384,2544,-5.27,2.75,8.03,8.03,2.75,-5.27,-0.03,-0.04,-0.02,Nice!
12,2455,0,2400,2491,-5.25,2.78,8.11,8.11,2.78,-5.25,-0.03,-0.05,-0.02,Nice!
13,2466,2119,2395,2524,-6.33,3.62,9.5,9.5,3.62,-6.33,0.26,-0.59,0.14,Nice!
14,2439,0,2410,2480,2.94,6.24,6.51,6.51,6.24,2.94,0.15,-1.47,1.14,Nice!
15,2441,2247,2391,2501,7.42,1.98,6.47,6.47,1.98,7.42,0.08,-0.18,0.67,Nice!
16,2479,0,2378,2487,7.32,-0.88,2.73,2.73,-0.88,7.32,-0.06,-0.67,0.29,Nice!
17,2443,0,2429,2489,10.04,-0.3,2.36,2.36,-0.3,10.04,-0.13,-0.19,0.02,Nice!
18,2469,0,2385,2491,10.07,-0.98,1.75,1.75,-0.98,10.07,-0.04,-0.06,0.02,Nice!
19,2475,0,2389,2512,9.99,-0.98,1.92,1.92,-0.98,9.99,-0.05,-0.07,0.02,Nice!
20,2480,0,2390,2483,10.18,-1.09,1.61,1.61,-1.09,10.18,-0.06,-0.03,-0.02,Nice!
21,2450,0,2387,2489,10.06,-1.01,1.52,1.52,-1.01,10.06,-0.03,-0.05,-0.03,Nice!
22,2471,0,2406,2490,10.05,-1.07,1.68,1.68,-1.07,10.05,-0.06,-0.08,0,Nice!
23,2481,0,2384,2512,10.08,-1.2,1.39,1.39,-1.2,10.08,-0.04,-0.04,-0.02,Nice!
24,2424,0,2364,2467,10.07,-1.31,1.46,1.46,-1.31,10.07,-0.05,-0.05,-0.02,Nice!
25,2454,0,2384,2500,10.11,-1.03,1.52,1.52,-1.03,10.11,-0.04,-0.07,0,Nice!
26,2468,0,2379,2466,10.14,-1.27,1.3,1.3,-1.27,10.14,-0.02,-0.03,-0.01,Nice!
27,2439,0,2416,2485,10.07,-1.21,1.3,1.3,-1.21,10.07,-0.03,-0.05,-0.01,Nice!
28,2471,0,2384,2480,10.07,-1.41,1.32,1.32,-1.41,10.07,-0.03,-0.05,0.01,Nice!
29,2445,0,2403,2451,10.13,-1.27,1.46,1.46,-1.27,10.13,-0.01,-0.02,-0.01,Nice!
30,2442,0,2410,2501,10.07,-1.41,1.44,1.44,-1.41,10.07,-0.02,-0.07,0.03,Nice!
31,2481,0,2391,2527,9.99,-1.37,1.28,1.28,-1.37,9.99,-0.02,-0.02,-0.03,Nice!
32,2467,0,2384,2522,10.05,-1.36,1.2,1.2,-1.36,10.05,-0.04,-0.08,0.01,Nice!
33,2448,0,2406,2479,9.98,-1.45,1.1,1.1,-1.45,9.98,-0.04,-0.06,-0.02,Nice!
34,2459,0,2408,2511,10.15,-1.36,1.17,1.17,-1.36,10.15,-0.04,-0.05,-0.04,Nice!
35,2464,0,2383,2512,10.13,-1.38,1.3,1.3,-1.38,10.13,-0.04,-0.05,-0.01,Nice!
36,2452,0,2381,2485,10.01,-1.44,1.07,1.07,-1.44,10.01,-0.03,-0.05,-0.01,Nice!
37,2467,0,2384,2541,10.02,-1.43,1.19,1.19,-1.43,10.02,-0.04,-0.02,-0.03,Nice!
38,2437,0,2389,2526,10.07,-1.67,0.88,0.88,-1.67,10.07,-0.01,0,-0.05,Nice!
39,2454,0,2380,2473,10.01,-0.39,2.4,2.4,-0.39,10.01,0.09,-0.03,0.08,Nice!
40,2453,0,2383,2496,10.14,-0.67,1.77,1.77,-0.67,10.14,0.17,-0.05,-0.05,Nice!
41,2439,0,2377,2480,10.09,-0.82,1.69,1.69,-0.82,10.09,0.14,0,-0.02,Nice!
42,2449,0,2374,2489,9.94,-1.04,1.71,1.71,-1.04,9.94,-0.1,-0.02,-0.02,Nice!
43,2455,0,2367,2509,10.19,-1.02,1.51,1.51,-1.02,10.19,0.21,-0.25,-0.24,Nice!
44,2445,0,2382,2483,10.53,5.58,-4.58,-4.58,5.58,10.53,1.36,0.04,0.12,Nice!
45,2479,0,2416,2512,8.44,2.87,-1.32,-1.32,2.87,8.44,0.02,-0.53,0.08,Nice!
46,2494,0,2410,2450,9.75,1.62,-1.09,-1.09,1.62,9.75,0.15,0.77,0.16,Nice!
47,2473,0,2393,2523,10.4,0.45,-0.7,-0.7,0.45,10.4,-0.16,0.07,0.31,Nice!
48,2463,0,2377,2490,9.51,-2.61,3.22,3.22,-2.61,9.51,-0.82,-0.32,0.25,Nice!
49,2465,0,2379,2481,9.99,-0.43,0.97,0.97,-0.43,9.99,-0.21,0.03,0.02,Nice!
50,2471,0,2402,2471,10.22,-0.26,0.36,0.36,-0.26,10.22,-0.05,-0.02,-0.01,Nice!
51,2463,0,2389,2491,10.08,-0.71,0.93,0.93,-0.71,10.08,-0.02,-0.05,0,Nice!
52,2455,0,2379,2481,10.08,-0.58,0.75,0.75,-0.58,10.08,-0.04,-0.04,-0.03,Nice!
53,2437,0,2395,2491,10.17,-0.66,0.78,0.78,-0.66,10.17,-0.05,-0.05,-0.02,Nice!
54,2473,0,2400,2487,10.07,-0.54,0.81,0.81,-0.54,10.07,-0.04,-0.04,-0.03,Nice!
55,2439,0,2388,2454,10.11,-0.63,0.79,0.79,-0.63,10.11,-0.04,-0.03,-0.03,Nice!
56,2454,0,2414,2506,10.13,-1.31,0.23,0.23,-1.31,10.13,-0.11,0.08,-0.22,Nice!
57,2473,0,2325,2505,9.89,0.23,2.93,2.93,0.23,9.89,0.03,0.09,0.05,Nice!
58,2473,0,2400,2493,9.93,-0.77,2.84,2.84,-0.77,9.93,0.27,-0.22,-0.05,Nice!
59,2444,0,2384,2506,9.97,-0.86,1.87,1.87,-0.86,9.97,0.07,-0.18,0.05,Nice!
60,2441,0,2407,2460,9.99,-0.7,0.69,0.69,-0.7,9.99,-0.12,-0.01,-0.07,Nice!
61,2455,0,2403,2519,10.17,-0.72,1.15,1.15,-0.72,10.17,-0.02,-0.02,-0.02,Nice!
62,2483,0,2379,2490,10.13,-0.5,1.19,1.19,-0.5,10.13,-0.02,-0.02,-0.02,Nice!
63,2465,0,2384,2512,10.09,-0.48,0.96,0.96,-0.48,10.09,-0.05,-0.03,-0.02,Nice!
64,2433,0,2381,2512,10.08,-0.52,1.08,1.08,-0.52,10.08,-0.04,-0.04,-0.02,Nice!
65,2474,0,2384,2490,10.18,-0.62,0.99,0.99,-0.62,10.18,-0.04,-0.06,-0.03,Nice!
66,2509,0,2402,2512,10.13,-0.52,1.07,1.07,-0.52,10.13,-0.03,-0.05,-0.02,Nice!
67,2465,0,2411,2479,10.19,-0.59,1.06,1.06,-0.59,10.19,-0.04,-0.03,-0.03,Nice!
68,2425,0,2387,2480,10.14,-0.46,0.94,0.94,-0.46,10.14,-0.03,-0.05,-0.02,Nice!
69,2459,0,2400,2514,10.2,-0.6,0.93,0.93,-0.6,10.2,-0.04,-0.05,-0.02,Nice!
70,2429,0,2390,2465,10.15,-0.61,0.92,0.92,-0.61,10.15,-0.04,-0.05,0,Nice!
71,2453,0,2409,2522,10.16,-0.71,0.93,0.93,-0.71,10.16,-0.03,-0.02,-0.04,Nice!
72,2461,0,2379,2485,10.11,-0.77,0.29,0.29,-0.77,10.11,-0.17,0.2,-0.15,Nice!
73,2454,0,2417,2493,9.68,-1.1,2.86,2.86,-1.1,9.68,-0.54,0.1,0.35,Nice!
74,2455,0,2374,2515,9.69,-2.1,3.32,3.32,-2.1,9.69,-0.09,-0.12,0,Nice!
75,2455,0,2385,2467,9.7,-2.05,3,3,-2.05,9.7,-0.04,-0.04,0,Nice!
76,2480,0,2391,2519,9.67,-2.15,2.81,2.81,-2.15,9.67,-0.04,-0.06,-0.03,Nice!
77,2480,0,2385,2539,9.62,-2.25,2.98,2.98,-2.25,9.62,-0.04,-0.06,-0.02,Nice!
78,2476,0,2383,2495,9.68,-2.06,2.93,2.93,-2.06,9.68,-0.03,-0.03,-0.03,Nice!
79,2435,0,2400,2481,9.69,-2.1,2.51,2.51,-2.1,9.69,-0.08,0.03,-0.13,Nice!
80,2436,0,2373,2464,9.76,-1.51,2.97,2.97,-1.51,9.76,0.3,-0.21,-0.08,Nice!
81,2495,16,2411,2502,10.13,-1.06,1.17,1.17,-1.06,10.13,-0.1,-0.18,-0.01,Nice!
82,2459,0,2382,2490,10.02,-1.17,1.4,1.4,-1.17,10.02,0,-0.09,-0.01,Nice!
83,2416,132,2417,2499,10.05,-1.34,1.15,1.15,-1.34,10.05,-0.02,-0.05,-0.01,Nice!
84,2463,48,2416,2496,10.08,-1.53,1.08,1.08,-1.53,10.08,-0.05,-0.03,-0.01,Nice!
85,2465,17,2395,2496,10.06,-1.41,1.09,1.09,-1.41,10.06,-0.06,-0.06,0,Nice!
86,2462,0,2368,2495,9.97,-1.47,1.13,1.13,-1.47,9.97,-0.05,-0.05,-0.01,Nice!
87,2438,0,2384,2481,9.99,-1.56,0.95,0.95,-1.56,9.99,-0.05,-0.04,-0.02,Nice!
88,2458,143,2398,2481,10.03,-1.64,1.09,1.09,-1.64,10.03,0,-0.05,-0.02,Nice!
89,2453,189,2364,2499,10.01,-1.63,0.74,0.74,-1.63,10.01,0.02,-0.05,0.04,Nice!
90,2439,0,2384,2479,10.1,-1.85,0.39,0.39,-1.85,10.1,0.24,-0.3,0,Nice!
91,2448,0,2369,2479,10.01,-1.75,0.25,0.25,-1.75,10.01,0.02,0.01,-0.05,Nice!
92,2466,0,2368,2501,10.02,-1.24,0.59,0.59,-1.24,10.02,0.01,0.02,0.02,Nice!
93,2415,0,2396,2459,10.09,-1.57,0.9,0.9,-1.57,10.09,-0.06,-0.08,0,Nice!
94,2463,0,2390,2491,10.01,-1.57,0.85,0.85,-1.57,10.01,-0.03,-0.02,0,Nice!
95,2436,0,2390,2489,10.03,-1.43,0.89,0.89,-1.43,10.03,-0.11,-0.08,-0.04,Nice!
96,2475,2207,2355,2475,10.09,-1.43,0.67,0.67,-1.43,10.09,-0.09,-0.08,-0.02,Nice!
97,2449,2227,2386,2525,10.07,-1.36,0.48,0.48,-1.36,10.07,-0.09,0.04,-0.03,Nice!
98,2459,2247,0,2499,10.25,-1.4,0.91,0.91,-1.4,10.25,-0.05,0.01,-0.03,Nice!
99,2471,2241,2395,2519,10.18,-1.42,0.89,0.89,-1.42,10.18,-0.04,-0.05,-0.02,Nice!
100,2448,0,2383,2496,10.03,-1.39,0.9,0.9,-1.39,10.03,-0.05,-0.05,-0.03,Nice!
101,2472,0,2395,2492,10.12,-1.43,0.96,0.96,-1.43,10.12,-0.06,-0.05,-0.03,Nice!
102,2431,2249,2384,2485,9.97,-1.37,1.06,1.06,-1.37,9.97,-0.05,-0.04,-0.03,Nice!
103,2480,2241,2400,2479,10.03,-1.39,1.03,1.03,-1.39,10.03,-0.05,-0.05,-0.03,Nice!
104,2437,2199,2396,2496,10.02,-1.4,0.99,0.99,-1.4,10.02,-0.03,-0.02,-0.03,Nice!
105,2501,2234,2428,2491,10.11,-1.36,0.96,0.96,-1.36,10.11,-0.04,-0.04,-0.03,Nice!
106,2431,2250,2400,2496,10.11,-1.41,1.09,1.09,-1.41,10.11,-0.04,-0.04,-0.02,Nice!
107,2446,2268,2370,2493,10.1,-1.45,1.03,1.03,-1.45,10.1,-0.05,-0.03,-0.06,Nice!
108,2399,2256,2370,2499,10.08,-1.22,1.1,1.1,-1.22,10.08,-0.05,-0.04,-0.04,Nice!
109,2471,2218,2401,2471,10.14,-1.12,1.09,1.09,-1.12,10.14,-0.06,-0.04,-0.04,Nice!
110,2462,2221,2388,2494,10.05,-1,1.08,1.08,-1,10.05,-0.03,-0.02,-0.01,Nice!
111,2459,2225,2352,2491,10.05,-1,1.19,1.19,-1,10.05,-0.04,-0.04,-0.01,Nice!
112,2448,2240,2378,2481,10.09,-1.08,1.13,1.13,-1.08,10.09,-0.06,-0.06,-0.03,Nice!
113,2448,2224,2382,2512,10.12,-1.01,1.21,1.21,-1.01,10.12,-0.04,-0.04,-0.02,Nice!
114,2411,2232,2416,2495,10.1,-1.01,1.08,1.08,-1.01,10.1,-0.03,-0.03,-0.03,Nice!
115,2479,2269,2389,2465,10.03,-0.98,1.18,1.18,-0.98,10.03,-0.04,-0.03,-0.03,Nice!
116,2428,2226,2379,2491,10.13,-0.66,1.2,1.2,-0.66,10.13,-0.03,-0.03,-0.06,Nice!
117,2473,2239,2399,2495,10.05,-0.77,1.3,1.3,-0.77,10.05,-0.11,-0.05,-0.01,Nice!
118,2427,2246,2384,2489,10.06,-0.18,1.62,1.62,-0.18,10.06,0.02,0.05,-0.12,Nice!
119,2435,2256,2402,2500,10.04,-0.6,1.82,1.82,-0.6,10.04,-0.03,-0.01,-0.05,Nice!
120,2463,2255,2387,2504,10,-0.92,1.06,1.06,-0.92,10,0.02,-0.19,0.19,Nice!
121,2462,2225,2390,2505,9.84,-0.94,2.67,2.67,-0.94,9.84,-0.15,0.24,-0.25,Nice!
122,2443,2203,2394,2485,8.97,-2.22,-0.12,-0.12,-2.22,8.97,0.32,-0.62,0.35,Nice!
123,2458,2231,2387,2480,10.04,-1.43,1.42,1.42,-1.43,10.04,-0.09,-0.06,-0.09,Nice!
124,2462,2267,2391,2489,10.12,-1.41,0.44,0.44,-1.41,10.12,-0.12,-0.05,-0.02,Nice!
125,2427,2221,2398,2522,10.16,-1.3,0.3,0.3,-1.3,10.16,-0.06,-0.03,-0.02,Nice!
126,2463,2247,2388,2486,10.03,-1.41,0.85,0.85,-1.41,10.03,-0.02,-0.04,-0.03,Nice!
127,2447,2258,2410,2454,10.12,-1.21,0.56,0.56,-1.21,10.12,-0.03,-0.03,-0.01,Nice!
128,2427,2247,2412,2512,10.08,-1.17,0.67,0.67,-1.17,10.08,-0.03,-0.04,-0.02,Nice!
129,2467,2234,2366,2471,10.1,-1.17,0.61,0.61,-1.17,10.1,-0.04,-0.06,-0.01,Nice!
130,2443,2259,2386,2518,10.15,-1.15,0.64,0.64,-1.15,10.15,-0.03,-0.03,-0.02,Nice!
131,2467,2244,2385,2505,10.13,-1.15,0.76,0.76,-1.15,10.13,-0.03,-0.05,-0.02,Nice!
132,2451,2257,2384,2487,10.06,-1.16,0.74,0.74,-1.16,10.06,-0.04,-0.04,-0.03,Nice!
133,2448,2237,2384,2506,9.98,-1.13,0.96,0.96,-1.13,9.98,-0.03,-0.04,-0.03,Nice!
134,2520,2251,2389,2495,10.05,-1.12,0.67,0.67,-1.12,10.05,-0.03,-0.03,-0.02,Nice!
135,2459,2274,2410,2499,10.09,-1.12,0.83,0.83,-1.12,10.09,-0.04,-0.03,-0.03,Nice!
136,2455,2240,2385,2499,10.14,-1.11,0.94,0.94,-1.11,10.14,-0.05,-0.04,-0.02,Nice!
137,2480,2242,2383,2462,10.09,-1.12,0.88,0.88,-1.12,10.09,-0.03,-0.04,-0.02,Nice!
138,2451,2255,2416,2453,10.02,-1.17,0.81,0.81,-1.17,10.02,-0.04,-0.05,-0.03,Nice!
139,2466,2240,2399,2495,10.06,-1.13,0.76,0.76,-1.13,10.06,-0.03,-0.06,-0.01,Nice!
140,2453,2224,2402,2487,10.04,-1.09,0.86,0.86,-1.09,10.04,-0.03,-0.03,-0.02,Nice!
141,2448,2239,2372,2481,9.97,-1.26,0.84,0.84,-1.26,9.97,-0.12,-0.06,-0.05,Nice!
142,2465,2254,2381,2499,10.08,-1.17,0.72,0.72,-1.17,10.08,-0.09,-0.05,-0.04,Nice!
143,2432,2248,2384,2505,10.07,-0.98,0.87,0.87,-0.98,10.07,-0.04,-0.06,-0.02,Nice!
144,2470,2192,2394,2505,10.17,-1.03,0.74,0.74,-1.03,10.17,-0.1,-0.07,0,Nice!
145,2467,2225,2394,2498,10.1,-0.96,0.82,0.82,-0.96,10.1,-0.06,-0.02,-0.02,Nice!
146,2436,2259,2379,2499,10.13,-1.08,0.69,0.69,-1.08,10.13,-0.04,-0.04,-0.02,Nice!
147,2464,2224,2379,2506,10,-1.07,0.92,0.92,-1.07,10,-0.04,-0.04,-0.03,Nice!
148,2462,2245,2394,2483,10.13,-1.23,0.9,0.9,-1.23,10.13,-0.04,-0.05,-0.03,Nice!
149,2439,2229,2384,2502,10.07,-1.1,0.85,0.85,-1.1,10.07,-0.03,-0.03,-0.03,Nice!
150,2475,2251,2398,2512,10.16,-1.07,0.82,0.82,-1.07,10.16,-0.04,-0.05,-0.02,Nice!
151,2448,2256,2384,2492,10.09,-0.96,0.76,0.76,-0.96,10.09,-0.03,0,-0.02,Nice!
152,2448,2241,2390,2512,10.07,-1,1.03,1.03,-1,10.07,-0.02,-0.03,-0.04,Nice!
153,2426,2243,2375,2479,10.1,-1.11,0.82,0.82,-1.11,10.1,-0.05,-0.06,-0.01,Nice!
154,2433,2243,2381,2501,10.07,-1.13,0.7,0.7,-1.13,10.07,-0.03,-0.03,-0.01,Nice!
155,2437,2235,2399,2501,10.11,-1.07,0.77,0.77,-1.07,10.11,-0.04,-0.03,-0.03,Nice!
156,2463,2256,2416,2487,10.06,-1.17,0.88,0.88,-1.17,10.06,-0.04,-0.05,-0.03,Nice!
157,2445,2237,2395,2495,10.07,-1.13,0.77,0.77,-1.13,10.07,-0.04,-0.03,-0.03,Nice!
158,2466,2245,2400,2487,10.08,-1.13,0.8,0.8,-1.13,10.08,-0.03,-0.03,-0.02,Nice!
159,2449,2252,2410,2482,10.1,-1.01,0.85,0.85,-1.01,10.1,-0.03,-0.03,-0.02,Nice!
160,2431,2274,2354,2496,10.08,-1.09,0.56,0.56,-1.09,10.08,-0.06,-0.03,-0.03,Nice!
161,2442,2245,2400,2510,9.73,-2.77,2.73,2.73,-2.77,9.73,-0.44,1.02,-0.09,Nice!
162,2455,2254,2400,2512,9.32,-1.73,4.14,4.14,-1.73,9.32,-0.07,-0.09,0.01,Nice!
163,2447,2220,2393,2514,9.38,-1.94,4.23,4.23,-1.94,9.38,-0.07,-0.01,-0.04,Nice!
164,2438,2227,2381,2495,9.52,-1.59,3.81,3.81,-1.59,9.52,0.09,-0.03,0.05,Nice!
165,2469,2247,2385,2523,9.56,-1.47,3.9,3.9,-1.47,9.56,0.02,-0.17,0,Nice!
166,2467,2250,2360,2515,9.6,-1.51,3.5,3.5,-1.51,9.6,0.02,-0.1,-0.02,Nice!
167,2442,2241,2379,2499,9.88,-0.82,3.02,3.02,-0.82,9.88,0.78,-0.15,-0.12,Nice!
168,2448,2255,2385,2495,10.13,-0.11,1.84,1.84,-0.11,10.13,1.01,-0.22,-0.17,Nice!
169,2485,2242,2366,2492,10.04,0.52,1.5,1.5,0.52,10.04,0.31,-0.11,0.03,Nice!
170,2446,2243,2356,2487,10.23,-0.01,1.39,1.39,-0.01,10.23,0.83,0.01,0.36,Nice!
171,2448,2238,2375,2483,10.13,-0.03,1.25,1.25,-0.03,10.13,0.35,-0.05,-0.03,Nice!
172,2470,2255,2439,2512,10.1,0.61,1.36,1.36,0.61,10.1,0.13,0.01,0.02,Nice!
173,2447,2240,2390,2511,10.07,0.87,1.7,1.7,0.87,10.07,0.27,-0.04,-0.01,Nice!
174,2448,2256,2364,2486,10.03,0.82,1.69,1.69,0.82,10.03,0.26,-0.02,0.01,Nice!
175,2466,2206,2387,2471,10.08,0.55,1.57,1.57,0.55,10.08,0.17,-0.02,-0.01,Nice!
176,2480,2237,2379,2503,10.01,0.93,1.62,1.62,0.93,10.01,0.04,-0.05,-0.03,Nice!
177,2448,2243,2386,2492,10.08,0.77,1.64,1.64,0.77,10.08,-0.01,-0.04,-0.04,Nice!
178,2467,2239,2384,2463,10.1,0.74,1.77,1.77,0.74,10.1,-0.05,-0.05,-0.03,Nice!
179,2456,2227,2390,2481,10.09,0.8,1.68,1.68,0.8,10.09,-0.05,-0.05,-0.04,Nice!
180,2432,2250,2368,2523,10.04,0.78,1.65,1.65,0.78,10.04,-0.1,-0.07,-0.05,Nice!
181,2464,2235,2388,2480,10.13,0.93,1.56,1.56,0.93,10.13,-0.07,-0.04,-0.02,Nice!
182,2427,2221,2407,2499,10.09,0.91,1.51,1.51,0.91,10.09,-0.05,-0.03,-0.02,Nice!
183,2478,2235,2404,2491,10.04,0.98,1.52,1.52,0.98,10.04,-0.03,-0.04,-0.03,Nice!
184,2480,2226,2347,2477,10.01,0.96,1.54,1.54,0.96,10.01,-0.02,-0.05,-0.02,Nice!
185,2457,2239,2384,2482,10.11,0.85,1.52,1.52,0.85,10.11,-0.05,-0.04,-0.02,Nice!
186,2429,2250,2364,2492,10.07,0.81,1.53,1.53,0.81,10.07,-0.04,-0.04,-0.03,Nice!
187,2416,2246,2420,2486,10.15,0.86,1.42,1.42,0.86,10.15,-0.03,-0.04,-0.02,Nice!
188,2478,2247,2384,2487,10.11,0.88,1.59,1.59,0.88,10.11,-0.04,-0.05,-0.02,Nice!
189,2469,2240,2375,2491,10.1,0.84,1.48,1.48,0.84,10.1,-0.03,-0.04,-0.01,Nice!
190,2458,2256,2401,2526,9.96,0.13,1.59,1.59,0.13,9.96,-1.49,0.16,-0.14,Nice!
191,2461,2253,2384,2500,10.05,0.73,1.75,1.75,0.73,10.05,-1.13,-0.06,-0.17,Nice!
192,2439,2240,2365,2491,9.95,-0.07,2.69,2.69,-0.07,9.95,-0.49,0.05,-0.13,Nice!
193,2463,2260,2388,2520,9.88,-0.08,2.75,2.75,-0.08,9.88,-0.13,-0.01,-0.05,Nice!
194,2448,2252,2370,2501,9.89,0,2.85,2.85,0,9.89,-0.08,-0.04,-0.01,Nice!
195,2443,2251,2381,2487,9.92,0.06,2.92,2.92,0.06,9.92,-0.02,-0.04,-0.03,Nice!
196,2401,2231,2383,2511,9.86,0.04,2.89,2.89,0.04,9.86,-0.04,-0.05,-0.01,Nice!
197,2444,2258,2395,2509,9.93,0.03,2.9,2.9,0.03,9.93,-0.01,-0.04,-0.03,Nice!
198,2431,2224,2395,2491,9.84,0.06,2.86,2.86,0.06,9.84,-0.04,-0.05,-0.02,Nice!
199,2467,2223,2383,2491,9.96,-0.46,2.84,2.84,-0.46,9.96,-0.14,-0.05,0.08,Nice!
200,2448,2278,2390,2415,9.89,-0.46,2.84,2.84,-0.46,9.89,0.04,-0.03,-0.04,Nice!
201,2438,2245,2388,2480,9.85,-0.27,2.88,2.88,-0.27,9.85,0.04,-0.01,-0.05,Nice!
202,2418,2271,2372,2495,9.84,-0.2,2.85,2.85,-0.2,9.84,0.01,-0.05,-0.04,Nice!
203,2462,2240,2407,2491,9.91,-0.02,2.41,2.41,-0.02,9.91,0.25,-0.21,0.07,Nice!
204,2444,2245,2403,2496,10.06,-0.45,2.01,2.01,-0.45,10.06,1.01,-0.05,-0.1,Nice!
205,2465,2230,2430,2517,10.07,0.15,1.46,1.46,0.15,10.07,0.15,-0.05,-0.02,Nice!
206,2464,2230,2378,2508,10.12,0.23,1.41,1.41,0.23,10.12,0.26,-0.01,-0.02,Nice!
207,2447,2247,2373,2483,10.1,0.43,1.48,1.48,0.43,10.1,0.31,-0.04,0,Nice!
208,2450,2253,2402,2514,10.13,0.5,1.35,1.35,0.5,10.13,0.38,-0.02,-0.04,Nice!
209,2460,2253,2367,2502,10.1,0.72,1.33,1.33,0.72,10.1,0.45,-0.01,-0.01,Nice!
210,2448,2244,2412,2482,10.14,0.54,1.42,1.42,0.54,10.14,0.47,0.02,0,Nice!
211,2449,2241,2417,2512,10.08,0.82,1.17,1.17,0.82,10.08,0.46,0,0.01,Nice!
212,2447,2237,2411,2506,10.05,0.89,1.22,1.22,0.89,10.05,0.42,-0.07,0.05,Nice!
213,2432,2237,2399,2497,10.14,0.82,0.65,0.65,0.82,10.14,0.42,-0.05,0.03,Nice!
214,2447,2256,2388,2534,10.19,0.26,0.31,0.31,0.26,10.19,0.45,-0.04,0.08,Nice!
215,2440,2269,2379,2471,10.14,0.06,0.27,0.27,0.06,10.14,0.28,-0.02,0.02,Nice!
216,2442,2223,2384,2494,10.21,-0.12,0.66,0.66,-0.12,10.21,-0.05,0.08,-0.06,Nice!
217,2448,2234,2374,2466,10.24,0,0.79,0.79,0,10.24,-0.04,-0.09,0,Nice!
218,2430,2255,2384,2507,10.23,0.02,0.68,0.68,0.02,10.23,-0.07,-0.05,-0.02,Nice!
219,2448,2259,2397,2465,10.21,0.1,0.72,0.72,0.1,10.21,-0.08,-0.05,-0.01,Nice!
220,2448,0,2397,2461,10.15,-0.02,0.63,0.63,-0.02,10.15,-0.11,-0.06,-0.01,Nice!
221,2426,0,0,2486,10.18,-0.06,0.62,0.62,-0.06,10.18,-0.04,-0.06,-0.01,Nice!
222,2448,1143,2320,2481,10.21,0.05,0.59,0.59,0.05,10.21,-0.04,-0.03,-0.03,Nice!
223,2480,2242,2387,2447,10.18,-0.13,0.7,0.7,-0.13,10.18,-0.08,-0.05,-0.02,Nice!
224,2430,2228,2395,2482,10.18,0.04,0.64,0.64,0.04,10.18,-0.1,-0.08,-0.01,Nice!
225,2497,2254,2373,2465,10.13,0.02,0.62,0.62,0.02,10.13,-0.02,-0.04,-0.03,Nice!
226,2451,2237,2375,2494,10.22,0.12,0.68,0.68,0.12,10.22,-0.02,-0.05,-0.03,Nice!
227,2447,2263,2384,2509,10.11,0.02,0.53,0.53,0.02,10.11,-0.32,-0.04,-0.01,Nice!
228,2438,2222,2389,2480,10.07,-0.03,0.63,0.63,-0.03,10.07,0.02,-0.05,-0.01,Nice!
229,2448,2235,2448,2518,10.22,0.14,0.41,0.41,0.14,10.22,-0.05,-0.03,-0.01,Nice!
230,2493,2242,2379,2492,10.21,0.11,0.53,0.53,0.11,10.21,-0.03,-0.05,-0.03,Nice!
231,2470,2251,2397,2495,10.14,0,0.39,0.39,0,10.14,-0.04,-0.03,-0.02,Nice!
232,2430,2244,2401,2480,10.2,0.12,0.48,0.48,0.12,10.2,-0.04,-0.04,-0.02,Nice!
233,2430,2238,2379,2489,10.1,0.11,0.62,0.62,0.11,10.1,-0.13,-0.09,-0.03,Nice!
234,2438,2241,2384,2494,10.13,-0.69,0.38,0.38,-0.69,10.13,-1.22,-0.14,-0.2,Nice!
235,2480,2272,2385,2489,10.06,1.06,0.22,0.22,1.06,10.06,-0.01,-0.12,-0.07,Nice!
236,2433,2256,2383,2495,10.1,0.9,-0.09,-0.09,0.9,10.1,-0.09,-0.06,-0.02,Nice!
237,2401,2246,2385,2509,10.21,0.91,0.05,0.05,0.91,10.21,-0.04,-0.03,0,Nice!
238,2438,2242,2379,2497,10.13,0.86,0.09,0.09,0.86,10.13,-0.03,-0.03,-0.01,Nice!
239,2445,2264,2417,2495,10.1,0.77,0.08,0.08,0.77,10.1,-0.1,-0.04,-0.02,Nice!
240,2473,2246,2403,2501,10.06,1.15,0.44,0.44,1.15,10.06,-0.23,-0.05,-0.07,Nice!
241,2458,2237,2381,2502,10.16,0.85,1.03,1.03,0.85,10.16,-0.82,0.09,-0.14,Nice!
242,2411,2239,2385,2511,9.88,1.32,1.99,1.99,1.32,9.88,-0.56,-0.02,0.06,Nice!
243,2448,2254,2386,2496,10.2,-1.87,0.26,0.26,-1.87,10.2,-0.03,-0.29,0.19,Nice!
244,2453,2246,2391,2491,10.01,-0.18,-0.94,-0.94,-0.18,10.01,-0.06,-0.32,-0.06,Nice!
245,2455,2238,2391,2483,10.05,-0.3,-0.51,-0.51,-0.3,10.05,0.01,0,0,Nice!
246,2437,2224,2387,2508,10.11,-0.29,-0.38,-0.38,-0.29,10.11,-0.04,-0.08,-0.02,Nice!
247,2446,2253,2402,2487,10.1,-0.15,-0.75,-0.75,-0.15,10.1,-0.04,-0.03,-0.04,Nice!
248,2437,2262,2390,2501,10.05,-0.16,-0.54,-0.54,-0.16,10.05,-0.04,-0.01,0,Nice!
249,2458,2230,2395,2496,10.14,-0.17,-0.59,-0.59,-0.17,10.14,-0.04,-0.07,-0.03,Nice!
250,2421,2241,2401,2480,10.1,-0.27,-0.7,-0.7,-0.27,10.1,-0.03,-0.03,0,Nice!
251,2426,2249,2420,2503,10.04,-0.12,-0.53,-0.53,-0.12,10.04,-0.04,-0.04,-0.03,Nice!
252,2439,2231,2385,2454,10.07,-0.15,-0.69,-0.69,-0.15,10.07,-0.05,-0.01,-0.01,Nice!
253,2459,2251,2379,2507,10.02,-0.37,1.68,1.68,-0.37,10.02,-0.18,0.2,0.08,Nice!
254,2438,2273,2381,2492,10.07,-1.23,1.16,1.16,-1.23,10.07,-0.28,0.22,0.14,Nice!
255,2471,2273,2393,2485,9.97,-1.55,1.64,1.64,-1.55,9.97,-0.02,-0.09,0.01,Nice!
256,2438,2233,2383,2498,9.96,-1.88,1.63,1.63,-1.88,9.96,0.03,0.04,-0.03,Nice!
257,2436,2254,2369,2443,9.94,-1.81,1.42,1.42,-1.81,9.94,0,-0.12,-0.01,Nice!
258,2461,2242,2403,2496,10.11,-1.46,1.28,1.28,-1.46,10.11,-0.02,0.01,-0.02,Nice!
259,2453,2238,2374,2490,10.04,-1.35,1.31,1.31,-1.35,10.04,-0.04,-0.03,-0.06,Nice!
260,2473,2267,2386,2479,9.95,-1.41,1.44,1.44,-1.41,9.95,-0.04,-0.05,-0.02,Nice!
261,2463,2245,2398,2493,10.03,-1.39,1.39,1.39,-1.39,10.03,-0.02,-0.05,-0.02,Nice!
262,2429,2269,2379,2495,10,-1.43,1.35,1.35,-1.43,10,-0.07,-0.04,-0.07,Nice!
263,2427,2245,2436,2464,10.09,-1.4,2.13,2.13,-1.4,10.09,-0.03,-0.13,-0.17,Nice!
264,2441,2249,2407,2508,10.01,-1.13,0.88,0.88,-1.13,10.01,-0.02,0.22,0,Nice!
265,2434,2256,2411,2501,10.08,-1.41,1.06,1.06,-1.41,10.08,-0.04,-0.07,-0.05,Nice!
266,2462,2224,2393,2480,10.09,-1.8,0.18,0.18,-1.8,10.09,-0.03,-0.17,-0.08,Nice!
267,2499,2240,2401,2496,10.08,-1,0.38,0.38,-1,10.08,-0.03,-0.01,0,Nice!
268,2451,2239,2399,2480,10.23,-0.76,0.37,0.37,-0.76,10.23,-0.03,-0.06,-0.06,Nice!
269,2448,2241,2416,2493,10.18,-0.63,0.04,0.04,-0.63,10.18,-0.03,-0.08,-0.07,Nice!
270,2442,2217,2384,2486,10.11,-0.84,0,0,-0.84,10.11,-0.04,-0.03,-0.02,Nice!
271,2480,2245,2391,2497,10.1,-0.82,0.19,0.19,-0.82,10.1,-0.02,-0.04,-0.01,Nice!
272,2457,2243,2428,2522,10.13,-0.7,0.12,0.12,-0.7,10.13,-0.04,-0.03,0,Nice!
273,2417,2215,2398,2458,10.13,-1.17,-0.11,-0.11,-1.17,10.13,0.07,-0.05,0.03,Nice!
274,2457,2228,2385,2503,10.15,-0.65,0.71,0.71,-0.65,10.15,0.09,0.05,0.03,Nice!
275,2447,2234,2406,2497,10.1,-0.63,0.65,0.65,-0.63,10.1,0.35,-0.02,-0.06,Nice!
276,2449,2243,2385,2512,10.14,-0.45,0.73,0.73,-0.45,10.14,0.33,-0.04,-0.1,Nice!
277,2435,2257,2397,2481,10.08,-0.23,0.76,0.76,-0.23,10.08,0.11,-0.04,-0.03,Nice!
278,2465,2224,2387,2495,10.21,-0.42,0.79,0.79,-0.42,10.21,0.41,-0.06,-0.06,Nice!
279,2465,2238,2388,2485,10.18,0.02,0.11,0.11,0.02,10.18,0.48,-0.08,-0.02,Nice!
280,2467,2251,2381,2496,10.18,0.24,0.3,0.3,0.24,10.18,0,-0.02,-0.04,Nice!
281,2394,2226,2416,2494,10.2,0.24,0.39,0.39,0.24,10.2,-0.01,-0.04,-0.02,Nice!
282,2438,2246,2397,2491,10.14,0.36,0.49,0.49,0.36,10.14,-0.05,-0.06,-0.01,Nice!
283,2448,2261,2391,2497,10.19,0.26,0.27,0.27,0.26,10.19,0,-0.03,-0.05,Nice!
284,2457,2247,2416,2487,10.04,0.69,0.43,0.43,0.69,10.04,0.81,0.05,-0.12,Nice!
285,2423,2290,2404,2487,10.18,0.3,0.34,0.34,0.3,10.18,-0.19,-0.03,-0.04,Nice!
286,2466,2251,2391,2510,10.16,0.13,0.46,0.46,0.13,10.16,-0.14,-0.01,0.07,Nice!
287,2448,2244,2373,2469,10.07,0.5,0.4,0.4,0.5,10.07,-0.04,-0.05,0.04,Nice!
288,2449,2246,2389,2515,10.19,0.61,0.38,0.38,0.61,10.19,-0.08,-0.03,-0.14,Nice!
289,2434,2269,2397,2474,10.11,0.57,0.48,0.48,0.57,10.11,-0.07,0.06,-0.17,Nice!
290,2435,2256,2366,2469,10.1,0.77,0.36,0.36,0.77,10.1,0.03,0.11,0.05,Nice!
291,2398,2239,2359,2480,10.16,0.25,0.58,0.58,0.25,10.16,-0.08,0.04,0.02,Nice!
292,2459,2240,2390,2483,10.14,0.46,0.71,0.71,0.46,10.14,-0.04,-0.01,-0.01,Nice!
293,2434,2252,2419,2528,10.11,0.34,0.84,0.84,0.34,10.11,-0.02,-0.02,-0.06,Nice!
294,2421,2250,2407,2478,10.15,0.42,0.83,0.83,0.42,10.15,-0.02,-0.04,-0.03,Nice!
295,2478,2253,2359,2538,10.16,0.39,0.84,0.84,0.39,10.16,-0.03,-0.05,-0.04,Nice!
296,2423,2257,2355,2498,10.16,0.54,0.76,0.76,0.54,10.16,-0.03,-0.03,-0.05,Nice!
297,2464,2263,2371,2480,10.13,0.52,0.75,0.75,0.52,10.13,-0.04,-0.05,-0.04,Nice!
298,2463,2228,2385,2485,10.1,0.61,0.81,0.81,0.61,10.1,-0.05,-0.04,-0.03,Nice!
299,2406,2243,2385,2491,10.15,0.48,0.76,0.76,0.48,10.15,-0.02,-0.04,-0.02,Nice!
300,2452,2202,2399,2487,10.14,0.69,0.87,0.87,0.69,10.14,-0.06,-0.06,-0.2,Nice!
301,2431,2253,2393,2495,10.13,0.83,1.04,1.04,0.83,10.13,-0.08,-0.07,0.02,Nice!
302,2435,2245,2405,2497,10.1,1.24,1.04,1.04,1.24,10.1,-0.07,0.06,0.06,Nice!
303,2457,2227,2405,2517,10.08,1.02,0.97,0.97,1.02,10.08,0.01,0.03,0.03,Nice!
304,2397,2256,2384,2490,10.05,0.67,1.06,1.06,0.67,10.05,-0.06,0.02,0.11,Nice!
305,2416,2237,2416,2556,10.17,0.01,0.64,0.64,0.01,10.17,-0.04,-0.02,0.03,Nice!
306,2457,2237,2384,2506,10.08,0.39,0.74,0.74,0.39,10.08,-0.02,0,0,Nice!
307,2447,2266,2384,2466,10.15,-0.14,0.46,0.46,-0.14,10.15,-0.07,-0.03,-0.01,Nice!
308,2427,2245,2391,2471,10.16,0.06,0.54,0.54,0.06,10.16,-0.05,-0.04,-0.03,Nice!
309,2439,2224,2402,2495,10.21,0.1,0.59,0.59,0.1,10.21,-0.03,-0.03,-0.03,Nice!
310,2448,2251,2383,2502,10.23,0.09,0.38,0.38,0.09,10.23,-0.04,0.01,-0.02,Nice!
311,2461,2231,2405,2503,10.18,0.03,0.72,0.72,0.03,10.18,-0.12,0.07,0.02,Nice!
312,2465,2215,2388,2480,10.13,0.26,0.73,0.73,0.26,10.13,-0.02,-0.04,-0.02,Nice!
313,2448,2235,2389,2473,10.12,0.31,0.65,0.65,0.31,10.12,-0.07,-0.03,-0.04,Nice!
314,2439,2239,2399,2509,10.22,-0.4,0.65,0.65,-0.4,10.22,-0.55,-0.02,0,Nice!
315,2462,2251,2393,2480,10.24,0.07,0.86,0.86,0.07,10.24,-0.43,-0.04,-0.01,Nice!
316,2455,2256,2390,2490,10.18,0.01,0.72,0.72,0.01,10.18,-0.45,0.04,0.03,Nice!
317,2429,2224,2397,2486,10.11,-0.33,0.88,0.88,-0.33,10.11,-0.2,0.03,-0.06,Nice!
318,2446,2255,2381,2507,10.13,-0.21,1.08,1.08,-0.21,10.13,-0.06,0.01,0.01,Nice!
319,2470,2249,2389,2484,10.04,0.15,1.09,1.09,0.15,10.04,-0.39,0,-0.01,Nice!
320,2454,2238,2429,2541,10.09,-0.57,0.63,0.63,-0.57,10.09,-0.93,0.06,0,Nice!
321,2407,2267,2374,2539,10.07,-1.28,1.43,1.43,-1.28,10.07,-0.27,0.05,-0.02,Nice!
322,2454,2250,2403,2480,10.11,-0.68,1.6,1.6,-0.68,10.11,-0.11,-0.02,-0.11,Nice!
323,2467,2230,2385,2475,10.14,-0.69,1.63,1.63,-0.69,10.14,-0.12,-0.03,-0.03,Nice!
324,2448,2257,2397,2509,10.1,-0.55,2,2,-0.55,10.1,0.12,-0.14,-0.06,Nice!
325,2469,2237,2400,2475,10.23,-1.07,-0.19,-0.19,-1.07,10.23,0.42,-0.19,-0.03,Nice!
326,2454,2286,2407,2491,10.16,-0.57,-0.14,-0.14,-0.57,10.16,-0.1,-0.04,0.02,Nice!
327,2451,2247,2393,2502,10.18,-0.64,0.15,0.15,-0.64,10.18,0.13,-0.02,-0.03,Nice!
328,2448,2242,2400,2494,10.17,-0.5,0.15,0.15,-0.5,10.17,-0.03,-0.06,-0.02,Nice!
329,2477,2230,2374,2490,10.16,-0.59,-0.05,-0.05,-0.59,10.16,0.05,-0.05,-0.02,Nice!
330,2427,2253,2415,2480,10.11,-0.57,0.2,0.2,-0.57,10.11,0.22,-0.06,-0.05,Nice!
331,2468,2236,2405,2484,10.12,-0.53,0.25,0.25,-0.53,10.12,-0.06,-0.06,-0.02,Nice!
332,2391,2235,2391,2515,10.14,-0.53,0.14,0.14,-0.53,10.14,-0.02,-0.02,-0.02,Nice!
333,2453,2251,2409,2454,10.13,-0.49,0.19,0.19,-0.49,10.13,-0.02,-0.03,-0.02,Nice!
334,2463,2253,2386,2490,10.18,-0.55,0.23,0.23,-0.55,10.18,-0.03,-0.03,-0.01,Nice!
335,2463,2240,2387,2497,10.14,-0.1,0.32,0.32,-0.1,10.14,0.72,-0.04,-0.1,Nice!
336,2480,2253,2405,2508,10.13,0.02,0.34,0.34,0.02,10.13,0.57,-0.07,-0.07,Nice!
337,2416,2260,2384,2511,10.17,-0.03,0.34,0.34,-0.03,10.17,0.1,-0.04,-0.04,Nice!
338,2459,2256,2401,2512,10.15,0.03,0.38,0.38,0.03,10.15,-0.05,-0.05,-0.02,Nice!
339,2423,2269,2385,2554,10.18,0.01,0.31,0.31,0.01,10.18,-0.03,-0.04,-0.02,Nice!
340,2462,2240,2390,2481,10.23,0.04,0.36,0.36,0.04,10.23,-0.04,-0.04,-0.03,Nice!
341,2463,2245,2398,2479,10.13,0.03,0.54,0.54,0.03,10.13,-0.03,-0.04,-0.03,Nice!
342,2464,2237,2378,2535,10.19,0.03,0.4,0.4,0.03,10.19,-0.05,-0.06,-0.03,Nice!
343,2426,2266,2384,2465,10.25,0.21,0.45,0.45,0.21,10.25,0,0,-0.01,Nice!
344,2455,2231,2382,2490,10.11,0.13,0.61,0.61,0.13,10.11,-0.04,0,0.01,Nice!
345,2390,2238,2364,2503,10.18,-0.11,0.59,0.59,-0.11,10.18,-0.03,-0.03,-0.03,Nice!
346,2438,2266,2395,2473,10.15,0.06,0.53,0.53,0.06,10.15,-0.04,-0.03,-0.03,Nice!
347,2466,2240,2389,2498,10.26,-0.11,0.51,0.51,-0.11,10.26,-0.04,0,0.01,Nice!
348,2449,2238,2397,2535,10.15,0.17,0.69,0.69,0.17,10.15,-0.13,-0.11,-0.2,Nice!
349,2462,2195,2397,2490,10.1,0.49,1,1,0.49,10.1,0.02,-0.04,0.03,Nice!
350,2423,2240,2411,2489,10.18,0.62,1.15,1.15,0.62,10.18,0.19,0.13,0.02,Nice!
351,2454,2257,2370,2459,10.14,0.17,1.21,1.21,0.17,10.14,-0.08,-0.17,0.11,Nice!
352,2458,2217,2390,2461,10.17,0.16,0.95,0.95,0.16,10.17,-0.08,-0.03,0.07,Nice!
353,2469,2251,2394,2485,10.17,0.12,0.82,0.82,0.12,10.17,-0.07,-0.08,0,Nice!
354,2466,2230,2422,2465,10.09,0.42,1.01,1.01,0.42,10.09,-0.04,-0.02,0.02,Nice!
355,2459,2265,2411,2484,10.16,0.29,0.83,0.83,0.29,10.16,-0.04,-0.08,-0.09,Nice!
356,2455,2225,2368,2495,10.22,0,0.74,0.74,0,10.22,-0.06,0.05,0.16,Nice!
357,2447,2218,2384,2474,10.13,-0.15,0.69,0.69,-0.15,10.13,0.03,-0.07,-0.14,Nice!
358,2441,2251,2392,2503,10.18,0.02,0.61,0.61,0.02,10.18,0,-0.02,-0.02,Nice!
359,2435,2251,2390,2523,10.15,0.08,0.63,0.63,0.08,10.15,-0.07,-0.01,-0.04,Nice!
360,2441,2255,2385,2484,10.19,0.34,0.99,0.99,0.34,10.19,-0.01,-0.02,-0.03,Nice!
361,2470,2219,2381,2480,10.15,0.32,0.77,0.77,0.32,10.15,-0.12,-0.09,-0.1,Nice!
362,2448,2247,2391,2497,10.17,0.5,0.73,0.73,0.5,10.17,-0.32,-0.03,-0.01,Nice!
363,2467,2273,2419,2475,10.02,0.09,0.82,0.82,0.09,10.02,-2.14,0.13,0.02,Nice!
364,2435,2265,2366,2512,10.07,-0.7,1.7,1.7,-0.7,10.07,-0.31,0.01,-0.06,Nice!
365,2445,2257,2417,2509,10.08,-0.27,0.39,0.39,-0.27,10.08,0.18,-0.16,-0.02,Nice!
366,2455,2223,2375,2512,10.15,-0.65,0.57,0.57,-0.65,10.15,-0.02,-0.04,0.02,Nice!
367,2507,2222,2433,2525,10.2,-0.74,0.67,0.67,-0.74,10.2,-0.05,-0.09,-0.03,Nice!
368,2458,2224,2400,2509,10.1,-0.74,0.55,0.55,-0.74,10.1,-0.03,-0.04,-0.03,Nice!
369,2453,2277,2362,2511,10.12,-0.74,0.54,0.54,-0.74,10.12,-0.03,-0.03,-0.02,Nice!
370,2448,2229,2373,2495,10.15,-0.69,0.58,0.58,-0.69,10.15,-0.04,-0.05,-0.03,Nice!
371,2469,2242,2387,2480,10.1,-0.76,0.54,0.54,-0.76,10.1,-0.03,-0.07,-0.02,Nice!
372,2451,2267,2383,2493,10.16,-0.76,0.66,0.66,-0.76,10.16,-0.04,-0.05,-0.02,Nice!
373,2450,2273,2386,2488,10.23,-0.77,0.6,0.6,-0.77,10.23,-0.02,-0.04,-0.02,Nice!
374,2434,2239,2379,2499,10.22,-0.7,0.67,0.67,-0.7,10.22,0.12,-0.05,-0.04,Nice!
375,2447,2235,2423,2509,9.98,-0.1,0.77,0.77,-0.1,9.98,1.53,0.04,-0.19,Nice!
376,2477,2254,2375,2499,10.2,-0.02,0.81,0.81,-0.02,10.2,0.57,-0.02,-0.05,Nice!
377,2497,2293,2395,2500,10.12,0.16,0.75,0.75,0.16,10.12,0.37,-0.08,0.01,Nice!
378,2470,2242,2411,2495,10.13,-0.1,0.83,0.83,-0.1,10.13,0.14,-0.04,0.03,Nice!
379,2483,2246,2375,2482,10.15,-0.15,0.89,0.89,-0.15,10.15,0.05,-0.03,0.01,Nice!
380,2464,2224,2358,2499,10.11,-0.23,0.69,0.69,-0.23,10.11,-0.04,-0.06,-0.02,Nice!
381,2449,2256,2363,2459,10.25,-0.14,0.69,0.69,-0.14,10.25,0.03,-0.05,-0.03,Nice!
382,2449,2241,2374,2512,10.08,-0.05,0.92,0.92,-0.05,10.08,0.08,0.03,-0.03,Nice!
383,2447,2238,2386,2480,10.08,-0.05,1.13,1.13,-0.05,10.08,-0.02,-0.06,-0.04,Nice!
384,2447,2224,2403,2512,10.17,-0.08,1.79,1.79,-0.08,10.17,0.02,0.05,-0.02,Nice!
385,2438,2234,2377,2496,10.1,0.13,1.77,1.77,0.13,10.1,0.2,0.07,-0.01,Nice!
386,2453,2261,2368,2503,9.96,0.22,2.24,2.24,0.22,9.96,0.46,0.07,-0.01,Nice!
387,2452,2241,2400,2487,9.9,0.6,2.51,2.51,0.6,9.9,0.49,-0.02,0.01,Nice!
388,2490,2233,2432,2525,9.92,0.72,2.49,2.49,0.72,9.92,0.18,-0.04,0.04,Nice!
389,2426,2245,2391,2512,9.93,0.73,2.23,2.23,0.73,9.93,0.03,-0.05,0.01,Nice!
390,2439,2238,2384,2461,9.86,1.49,2.4,2.4,1.49,9.86,-0.79,-0.08,-0.02,Nice!
391,2450,2273,2390,2526,10.08,1.14,1.84,1.84,1.14,10.08,-1.44,-0.15,-0.1,Nice!
392,2485,2226,2411,2517,9.97,0.06,1.35,1.35,0.06,9.97,-0.29,-0.18,-0.16,Nice!
393,2433,2255,2384,2487,9.87,0.45,2,2,0.45,9.87,-0.17,0.08,-0.13,Nice!
394,2445,2239,2371,2464,10.21,0.3,2.1,2.1,0.3,10.21,-0.01,0.38,-0.32,Nice!
395,2439,2260,2414,2473,12.14,2.27,2.46,2.46,2.27,12.14,-1,0.59,-0.62,Nice!
396,2469,2261,2401,2470,9.56,1.7,3.71,3.71,1.7,9.56,-0.18,0.02,-0.16,Nice!
397,2411,2252,2365,2486,8.93,2.15,4.53,4.53,2.15,8.93,-0.18,0.05,-0.15,Nice!
398,2441,2231,2368,2509,8.92,2.23,4.77,4.77,2.23,8.92,0.01,0,-0.03,Nice!
399,2448,272,2386,2477,8.65,2.51,5.12,5.12,2.51,8.65,-0.08,0.01,-0.07,Nice!
400,2475,245,2372,2511,8.61,2.35,5.28,5.28,2.35,8.61,-0.05,0.05,-0.07,Nice!
401,2408,206,2382,2491,8.71,2.33,5.17,5.17,2.33,8.71,-0.06,-0.03,-0.03,Nice!
402,2448,2128,2406,2474,8.54,2.56,5.43,5.43,2.56,8.54,-0.06,-0.01,-0.05,Nice!
403,2469,2207,2432,2491,8.51,2.46,5.37,5.37,2.46,8.51,-0.05,-0.03,-0.02,Nice!
404,2479,2253,2384,2497,8.47,2.4,5.4,5.4,2.4,8.47,-0.06,-0.08,-0.01,Nice!
405,2432,2209,2381,2475,8.81,2.12,5.03,5.03,2.12,8.81,-0.12,-0.25,0.03,Nice!
406,2487,2240,2403,2491,9.46,1.69,3.95,3.95,1.69,9.46,-0.17,-0.34,0.03,Nice!
407,2459,2256,2388,2507,9.61,1.37,3.31,3.31,1.37,9.61,-0.1,-0.19,0.03,Nice!
408,2426,2256,2384,2496,9.87,0.99,2.65,2.65,0.99,9.87,-0.03,-0.22,0.07,Nice!
409,2451,2256,2379,2478,9.9,0.81,2.33,2.33,0.81,9.9,-0.07,-0.11,0.01,Nice!
410,2480,2238,2384,2471,10.04,0.58,1.87,1.87,0.58,10.04,-0.04,-0.15,0.04,Nice!
411,2451,2227,2398,2451,10.08,0.45,1.67,1.67,0.45,10.08,-0.05,-0.12,0.01,Nice!
412,2489,2246,2353,2464,10.1,0.17,0.92,0.92,0.17,10.1,-0.07,-0.09,0,Nice!
413,2459,2255,2380,2475,10.06,0.04,0.62,0.62,0.04,10.06,-0.03,-0.1,0.02,Nice!
414,2421,2231,2384,2487,10.21,-0.37,0.1,0.1,-0.37,10.21,-0.04,-0.1,0,Nice!
415,2436,2256,2391,2487,10.23,-0.42,-0.2,-0.2,-0.42,10.23,-0.06,-0.14,0.02,Nice!
416,2432,2265,2435,2507,10.17,-0.51,-0.59,-0.59,-0.51,10.17,-0.04,-0.07,-0.01,Nice!
417,2466,2251,2329,2478,10.14,-0.63,-0.7,-0.7,-0.63,10.14,-0.03,-0.06,-0.02,Nice!
418,2463,2240,2406,2493,10.09,-0.6,-0.7,-0.7,-0.6,10.09,-0.03,-0.05,-0.02,Nice!
419,2463,2254,2406,2470,10.15,-0.58,-0.73,-0.73,-0.58,10.15,-0.03,-0.04,-0.03,Nice!
420,2415,2275,2370,2486,10.02,-0.71,-0.62,-0.62,-0.71,10.02,-0.04,-0.06,-0.02,Nice!
421,2453,2253,2384,2494,10.06,-0.64,-0.56,-0.56,-0.64,10.06,-0.05,-0.04,-0.02,Nice!
422,2443,2248,2391,2480,10.08,-0.59,-0.83,-0.83,-0.59,10.08,-0.03,-0.05,-0.02,Nice!
423,2391,2272,2363,2468,10.04,-0.66,-0.75,-0.75,-0.66,10.04,-0.04,-0.05,-0.03,Nice!
424,2463,2240,2362,2507,10.1,-0.71,-0.95,-0.95,-0.71,10.1,-0.06,0.1,-0.06,Nice!
425,2466,2277,2410,2484,10.08,-0.42,-0.43,-0.43,-0.42,10.08,-0.03,-0.01,-0.04,Nice!
426,2480,2256,2387,2487,10.03,-0.35,0.11,0.11,-0.35,10.03,-0.22,0,-0.02,Nice!
427,2443,2247,2370,2475,10.17,-0.14,0.15,0.15,-0.14,10.17,-0.03,0.02,-0.01,Nice!
428,2448,0,2417,2502,10.22,-0.23,0.46,0.46,-0.23,10.22,-0.05,0.01,0,Nice!
429,2475,0,2364,2519,10.2,-0.18,0.81,0.81,-0.18,10.2,-0.05,-0.03,-0.02,Nice!
430,2456,2219,2390,2498,10.1,-0.16,0.9,0.9,-0.16,10.1,-0.07,-0.09,-0.01,Nice!
431,2430,2245,2416,2476,10.12,-0.25,0.76,0.76,-0.25,10.12,-0.04,-0.06,-0.02,Nice!
432,2491,2219,2384,2466,10.22,-0.27,0.67,0.67,-0.27,10.22,-0.04,-0.03,0.01,Nice!
433,2442,0,2372,2483,10.15,-0.19,0.82,0.82,-0.19,10.15,-0.04,-0.01,-0.03,Nice!
434,2464,2245,2402,2490,10.18,-0.31,0.89,0.89,-0.31,10.18,-0.06,-0.02,-0.03,Nice!
435,2428,2261,2400,2485,10.16,-0.31,0.93,0.93,-0.31,10.16,-0.03,-0.03,-0.02,Nice!
436,2442,2231,2433,2497,10.21,-0.31,0.89,0.89,-0.31,10.21,-0.04,-0.04,-0.02,Nice!
437,2458,1660,2372,2466,10.09,-0.31,0.99,0.99,-0.31,10.09,-0.04,-0.04,-0.02,Nice!
438,2470,1785,2389,2509,10.16,-0.23,0.83,0.83,-0.23,10.16,-0.04,-0.04,-0.02,Nice!
439,2483,1777,2384,2512,10.13,-0.16,0.9,0.9,-0.16,10.13,-0.04,-0.04,-0.02,Nice!
440,2445,1763,2389,2490,10.11,-0.29,0.94,0.94,-0.29,10.11,-0.01,-0.04,0,Nice!
441,2435,0,2413,2484,10.2,-0.34,1.03,1.03,-0.34,10.2,-0.01,0.01,-0.02,Nice!
442,2485,0,2406,2501,10.07,-0.23,1.12,1.12,-0.23,10.07,-0.01,-0.04,-0.01,Nice!
443,2478,0,2407,2487,10.09,-0.35,0.91,0.91,-0.35,10.09,-0.04,-0.05,-0.03,Nice!
444,2445,0,2411,2513,10.13,-0.31,0.96,0.96,-0.31,10.13,-0.04,-0.03,-0.02,Nice!
445,2467,0,2386,2463,10.16,-0.31,1,1,-0.31,10.16,-0.03,-0.04,-0.02,Nice!
446,2453,0,2357,2503,10.13,-0.28,1.01,1.01,-0.28,10.13,-0.02,-0.03,-0.02,Nice!
447,2426,0,2380,2493,10.21,-0.26,0.99,0.99,-0.26,10.21,-0.03,-0.03,-0.03,Nice!
448,2458,0,2370,2451,10.19,-0.2,1.02,1.02,-0.2,10.19,-0.03,-0.05,-0.01,Nice!
449,2489,0,2362,2483,10.15,-0.28,0.82,0.82,-0.28,10.15,-0.04,-0.05,-0.02,Nice!
450,2455,0,2389,2507,10.19,-0.36,0.96,0.96,-0.36,10.19,-0.03,-0.05,-0.02,Nice!
451,2502,0,2389,2497,10.16,-0.46,1.02,1.02,-0.46,10.16,-0.03,-0.05,0.01,Nice!
452,2435,1552,2401,2513,10.15,-0.45,0.97,0.97,-0.45,10.15,0.02,-0.01,0,Nice!
453,2445,0,2378,2496,10.02,-0.4,1.13,1.13,-0.4,10.02,-0.04,0,-0.02,Nice!
454,2449,0,2372,2518,10.05,-0.46,1.13,1.13,-0.46,10.05,-0.08,-0.05,-0.03,Nice!
455,2451,0,2389,2485,10.19,-0.76,0.84,0.84,-0.76,10.19,-0.03,-0.08,0,Nice!
456,2417,0,2395,2480,10.05,-0.7,0.95,0.95,-0.7,10.05,-0.02,-0.05,-0.01,Nice!
457,2414,0,2374,2497,10.06,-0.73,0.93,0.93,-0.73,10.06,-0.04,-0.07,-0.01,Nice!
458,2431,0,2386,2497,10.22,-0.75,0.8,0.8,-0.75,10.22,-0.04,-0.03,-0.04,Nice!
459,2431,0,2385,2497,10.22,-0.79,0.84,0.84,-0.79,10.22,-0.05,-0.06,-0.02,Nice!
460,2459,0,2388,2508,10.2,-0.78,0.72,0.72,-0.78,10.2,-0.04,-0.07,-0.01,Nice!
461,2469,0,2307,2502,10.11,-0.85,0.6,0.6,-0.85,10.11,-0.01,-0.05,-0.03,Nice!
462,2434,0,2400,2475,10.08,-0.67,0.59,0.59,-0.67,10.08,-0.03,0,-0.02,Nice!
463,2437,0,2370,2527,10.16,-0.78,0.67,0.67,-0.78,10.16,0.01,-0.1,0.01,Nice!
464,2431,0,2384,2498,10.08,-0.82,0.74,0.74,-0.82,10.08,-0.04,-0.07,0,Nice!
465,2443,0,2371,2451,10.08,-0.9,0.68,0.68,-0.9,10.08,-0.04,-0.07,-0.03,Nice!
466,2396,0,2368,2505,10.07,-0.71,0.71,0.71,-0.71,10.07,-0.01,-0.06,-0.01,Nice!
467,2401,0,2384,2511,10.29,-0.97,0.43,0.43,-0.97,10.29,-0.03,0.05,-0.06,Nice!
468,2426,0,2416,2502,10.08,-0.55,0.67,0.67,-0.55,10.08,-0.18,-0.23,0,Nice!
469,2435,0,2381,2489,10.21,-0.6,0.85,0.85,-0.6,10.21,-0.03,0.07,-0.07,Nice!
470,2411,0,2384,2501,10.12,-0.57,0.97,0.97,-0.57,10.12,-0.03,-0.02,-0.02,Nice!
471,2418,0,2407,2464,10.11,-0.54,0.87,0.87,-0.54,10.11,-0.04,-0.05,-0.02,Nice!
472,2459,0,2391,2519,10.24,-0.53,0.93,0.93,-0.53,10.24,-0.03,-0.04,-0.01,Nice!
473,2434,2224,2416,2498,10.35,-0.65,0.7,0.7,-0.65,10.35,0,-0.08,0,Nice!
474,2415,2259,2403,2473,10.17,-0.55,0.89,0.89,-0.55,10.17,-0.02,-0.04,-0.02,Nice!
475,2474,2257,2383,2509,10.13,-0.5,0.76,0.76,-0.5,10.13,-0.03,-0.03,-0.02,Nice!
476,2447,2235,2373,2492,10.18,-0.45,0.79,0.79,-0.45,10.18,-0.03,0.05,-0.07,Nice!
477,2467,2224,2400,2464,10.27,-0.56,1.15,1.15,-0.56,10.27,-0.08,-0.01,-0.07,Nice!
478,2453,2241,2386,2489,10.11,-0.44,1.13,1.13,-0.44,10.11,-0.05,-0.04,-0.04,Nice!
479,2455,2241,2399,2475,10.06,-0.35,1.21,1.21,-0.35,10.06,-0.03,-0.04,-0.02,Nice!
480,2434,2251,2384,2457,10.16,-0.32,1.15,1.15,-0.32,10.16,-0.02,-0.04,-0.03,Nice!
481,2423,2237,2386,2498,10.14,-0.4,1.07,1.07,-0.4,10.14,-0.03,-0.04,-0.02,Nice!
482,2429,2213,2369,2466,10.16,-0.53,1.23,1.23,-0.53,10.16,-0.04,-0.05,-0.02,Nice!
483,2491,2240,2399,2496,10.14,-0.38,1.09,1.09,-0.38,10.14,-0.03,-0.05,-0.02,Nice!
484,2432,2252,2372,2495,10.14,-0.55,1.08,1.08,-0.55,10.14,-0.03,-0.06,0,Nice!
485,2463,2243,2416,2471,10.15,-0.32,1.03,1.03,-0.32,10.15,-0.03,-0.04,-0.01,Nice!
486,2457,2235,2375,2500,10.07,-0.46,1.07,1.07,-0.46,10.07,-0.03,-0.03,-0.02,Nice!
487,2466,2218,2406,2487,10.08,-0.21,1.17,1.17,-0.21,10.08,-0.05,-0.05,-0.03,Nice!
488,2478,2231,2395,2491,10.14,-0.36,1.05,1.05,-0.36,10.14,-0.04,-0.04,-0.04,Nice!
489,2456,2259,2400,2480,10.18,-0.53,1.07,1.07,-0.53,10.18,-0.03,-0.07,0,Nice!
490,2449,2258,2386,2480,10.07,-0.43,1.05,1.05,-0.43,10.07,-0.03,-0.06,-0.03,Nice!
491,2478,2255,2384,2509,10.11,-0.42,1.02,1.02,-0.42,10.11,-0.01,-0.04,-0.01,Nice!
492,2463,2236,2421,2531,10.1,-0.29,1.03,1.03,-0.29,10.1,-0.04,-0.04,-0.03,Nice!
493,2448,2222,2407,2532,10.1,-0.33,1.14,1.14,-0.33,10.1,-0.04,-0.04,-0.03,Nice!
494,2448,2265,2421,2471,10.13,-0.34,1.11,1.11,-0.34,10.13,-0.04,-0.04,-0.03,Nice!
495,2481,2243,2416,2494,10.08,-0.4,1.15,1.15,-0.4,10.08,-0.03,-0.03,-0.02,Nice!
496,2453,2230,2381,2487,10.15,-0.26,1.19,1.19,-0.26,10.15,-0.05,-0.02,-0.04,Nice!
497,2466,2229,2394,2461,10.12,-0.23,1.03,1.03,-0.23,10.12,-0.05,-0.08,-0.03,Nice!
498,2444,2276,2377,2544,10.15,-0.28,1.15,1.15,-0.28,10.15,-0.04,-0.04,-0.03,Nice!
499,2463,2246,2416,2496,10.18,-0.34,1.06,1.06,-0.34,10.18,0.05,-0.13,-0.05,Nice!
500,2439,2245,2379,2489,10.13,-0.11,0.11,0.11,-0.11,10.13,0,-0.13,-0.06,Nice!
501,2462,2255,2432,2515,10.13,0.02,-0.02,-0.02,0.02,10.13,-0.03,-0.02,-0.03,Nice!
502,2472,2256,2385,2487,10.08,-0.12,0.21,0.21,-0.12,10.08,-0.03,0.01,0,Nice!
503,2459,2255,2397,2496,10.12,-0.12,0.23,0.23,-0.12,10.12,-0.03,-0.02,-0.03,Nice!
504,2443,2199,2370,2549,10.2,-0.06,0.06,0.06,-0.06,10.2,-0.04,-0.06,-0.04,Nice!
505,2416,2255,2389,2504,10.19,-0.18,0.04,0.04,-0.18,10.19,-0.03,-0.04,-0.02,Nice!
506,2461,2242,2398,2486,10.15,-0.06,0.22,0.22,-0.06,10.15,-0.04,-0.06,-0.02,Nice!
507,2470,2269,2367,2490,10.18,0.03,-0.16,-0.16,0.03,10.18,-0.07,-0.04,-0.05,Nice!
508,2446,2253,2384,2511,10.11,0,0.32,0.32,0,10.11,-0.05,0.03,0.02,Nice!
509,2451,2241,2387,2488,10.09,-0.26,0.36,0.36,-0.26,10.09,-0.03,-0.01,-0.03,Nice!
510,2464,2255,2416,2468,10.17,-0.34,0.29,0.29,-0.34,10.17,-0.03,-0.04,-0.03,Nice!
511,2396,2223,2394,2439,10.18,-0.34,0.19,0.19,-0.34,10.18,-0.05,-0.01,-0.04,Nice!
512,2411,2250,2387,2480,10.15,-0.31,0.28,0.28,-0.31,10.15,-0.03,-0.05,-0.02,Nice!
513,2462,2256,2390,2512,10.16,-0.31,0.36,0.36,-0.31,10.16,-0.04,-0.03,-0.02,Nice!
514,2466,2254,2416,2538,10.15,-0.18,0.47,0.47,-0.18,10.15,-0.03,-0.04,-0.02,Nice!
515,2429,2246,2379,2480,10.15,-0.27,0.58,0.58,-0.27,10.15,-0.03,-0.05,-0.02,Nice!
516,2477,2266,2374,2503,10.13,-0.21,0.41,0.41,-0.21,10.13,-0.04,-0.04,-0.03,Nice!
517,2474,2255,2400,2494,10.14,-0.31,0.62,0.62,-0.31,10.14,-0.03,-0.02,-0.02,Nice!
518,2479,2237,2375,2467,10.18,-0.28,0.49,0.49,-0.28,10.18,-0.04,-0.02,-0.02,Nice!
519,2423,2270,2381,2505,10.08,-0.34,0.94,0.94,-0.34,10.08,-0.02,-0.01,-0.04,Nice!
520,2443,2225,2393,2456,10.14,-0.2,0.95,0.95,-0.2,10.14,-0.04,-0.02,-0.03,Nice!
521,2465,2236,2383,2510,10.19,-0.18,0.88,0.88,-0.18,10.19,-0.05,-0.05,-0.03,Nice!
522,2442,2241,2384,2493,10.12,-0.09,0.92,0.92,-0.09,10.12,-0.03,-0.05,-0.02,Nice!
523,2371,2260,2406,2497,10.24,-0.23,0.89,0.89,-0.23,10.24,-0.04,-0.05,-0.02,Nice!
524,2435,2234,2386,2491,10.14,-0.11,0.93,0.93,-0.11,10.14,-0.03,-0.05,-0.02,Nice!
525,2469,2254,2407,2511,10.25,-0.27,0.85,0.85,-0.27,10.25,-0.03,-0.02,-0.03,Nice!
526,2458,2235,2394,2454,10.2,-0.12,0.92,0.92,-0.12,10.2,-0.03,-0.04,-0.02,Nice!
527,2444,2207,2390,2495,10.23,-0.17,0.82,0.82,-0.17,10.23,-0.04,-0.07,-0.02,Nice!
528,2446,0,2394,2467,10.17,0.01,0.72,0.72,0.01,10.17,-0.05,-0.07,-0.01,Nice!
529,2452,2254,2384,2510,10.16,-0.09,0.68,0.68,-0.09,10.16,-0.03,-0.04,-0.02,Nice!
530,2416,2090,2409,2480,10.13,-0.04,0.86,0.86,-0.04,10.13,-0.03,-0.03,-0.03,Nice!
531,2436,2240,2366,2517,10.1,-0.05,0.83,0.83,-0.05,10.1,-0.04,-0.04,-0.02,Nice!
532,2443,2251,2405,2496,10.16,-0.02,0.81,0.81,-0.02,10.16,-0.04,-0.04,-0.03,Nice!
533,2489,2227,2375,2498,10.1,-0.07,0.9,0.9,-0.07,10.1,-0.03,-0.04,-0.02,Nice!
534,2479,2240,2384,2494,10.14,-0.08,0.89,0.89,-0.08,10.14,-0.03,-0.04,-0.02,Nice!
535,2481,2242,2399,2501,10.15,-0.16,0.81,0.81,-0.16,10.15,-0.04,-0.03,-0.03,Nice!
536,2441,2235,2378,2463,10.18,-0.06,0.8,0.8,-0.06,10.18,-0.02,-0.03,-0.01,Nice!
537,2465,2242,2377,2505,10.11,-0.22,0.97,0.97,-0.22,10.11,-0.04,-0.07,0,Nice!
538,2474,1382,2384,2497,10.22,-0.06,0.77,0.77,-0.06,10.22,-0.03,-0.06,0,Nice!
539,2414,0,2391,2483,10.22,0.03,0.74,0.74,0.03,10.22,-0.04,-0.04,-0.04,Nice!
540,2490,1506,2383,2503,10.21,-0.07,0.48,0.48,-0.07,10.21,-0.05,-0.05,-0.03,Nice!
541,2469,1514,2395,2512,10.2,-0.23,0.3,0.3,-0.23,10.2,-0.05,-0.08,-0.03,Nice!
542,2437,1518,2381,2496,10.16,-0.06,0.69,0.69,-0.06,10.16,-0.03,-0.02,-0.03,Nice!
543,2437,2160,2379,2471,10.16,0.03,0.7,0.7,0.03,10.16,-0.03,-0.05,-0.03,Nice!
544,2455,0,2409,2490,10.22,-0.1,0.55,0.55,-0.1,10.22,-0.04,-0.03,-0.02,Nice!
545,2441,0,2362,2510,10.15,-0.04,0.65,0.65,-0.04,10.15,-0.02,-0.03,-0.02,Nice!
546,2461,0,2365,2527,10.12,-0.16,0.76,0.76,-0.16,10.12,-0.04,-0.06,-0.03,Nice!
547,2448,0,2386,2536,10.18,-0.04,0.62,0.62,-0.04,10.18,-0.03,-0.04,-0.02,Nice!
548,2461,0,2384,2487,10.13,-0.11,0.67,0.67,-0.11,10.13,-0.03,-0.03,-0.03,Nice!
549,2436,2238,2368,2483,10.12,-0.03,0.9,0.9,-0.03,10.12,-0.04,-0.05,-0.02,Nice!
550,2517,2226,2391,2503,10.07,0.04,0.71,0.71,0.04,10.07,-0.04,-0.06,-0.04,Nice!
551,2483,2251,2372,2494,10.12,0.06,0.74,0.74,0.06,10.12,-0.03,-0.04,-0.02,Nice!
552,2448,2231,2391,2496,10.18,0.04,0.8,0.8,0.04,10.18,-0.03,-0.03,-0.02,Nice!
553,2478,2237,2387,2471,10.19,0.03,0.77,0.77,0.03,10.19,-0.04,-0.03,-0.02,Nice!
554,2473,2231,2377,2479,10.13,0.04,0.87,0.87,0.04,10.13,-0.04,-0.05,-0.02,Nice!
555,2463,2199,2405,2525,10.2,0.01,0.84,0.84,0.01,10.2,-0.03,-0.06,-0.01,Nice!
556,2448,2240,2403,2469,10.17,0.06,0.72,0.72,0.06,10.17,-0.03,-0.04,-0.02,Nice!
557,2453,2263,2415,2486,10.22,-0.09,0.81,0.81,-0.09,10.22,-0.04,-0.04,-0.01,Nice!
558,2431,2284,2370,2483,10.15,0.02,0.85,0.85,0.02,10.15,-0.03,-0.04,-0.02,Nice!
559,2479,2235,2409,2499,10.11,0.04,0.89,0.89,0.04,10.11,-0.03,-0.05,-0.02,Nice!
560,2432,2249,2395,2509,10.2,0.03,0.94,0.94,0.03,10.2,-0.03,-0.05,-0.01,Nice!
561,2441,2256,2384,2512,10.17,0,0.95,0.95,0,10.17,-0.03,-0.03,-0.03,Nice!
562,2428,2252,2382,2517,10.16,-0.03,0.81,0.81,-0.03,10.16,-0.03,-0.03,-0.03,Nice!
563,2451,2214,2415,2502,10.19,-0.07,0.97,0.97,-0.07,10.19,-0.04,-0.04,-0.02,Nice!
564,2458,2233,2387,2509,10.1,0.12,1.04,1.04,0.12,10.1,-0.02,-0.05,-0.03,Nice!
565,2439,2253,2416,2494,10.14,0.02,0.79,0.79,0.02,10.14,-0.03,-0.05,-0.01,Nice!
566,2450,2240,2379,2480,10.08,0.03,1.04,1.04,0.03,10.08,-0.04,-0.04,-0.04,Nice!
567,2443,2239,2411,2512,10.18,-0.05,0.87,0.87,-0.05,10.18,-0.04,-0.03,-0.03,Nice!
568,2455,2261,2407,2497,10.17,-0.02,1,1,-0.02,10.17,-0.03,-0.04,-0.03,Nice!
569,2439,2269,2385,2494,10.14,0.07,0.98,0.98,0.07,10.14,-0.03,-0.04,-0.02,Nice!
570,2466,2229,2390,2509,10.13,-0.07,0.89,0.89,-0.07,10.13,-0.03,-0.04,-0.02,Nice!
571,2465,2253,2402,2475,10.12,-0.02,0.82,0.82,-0.02,10.12,-0.04,-0.06,-0.02,Nice!
572,2448,2256,2395,2471,10.18,0.03,0.83,0.83,0.03,10.18,-0.04,-0.04,-0.02,Nice!
573,2429,2246,2369,2503,10.14,0.06,1.03,1.03,0.06,10.14,-0.03,-0.03,-0.03,Nice!
574,2437,2253,2395,2502,10.18,0.01,0.92,0.92,0.01,10.18,-0.04,-0.04,-0.03,Nice!
575,2469,2270,2384,2486,10.18,-0.04,0.95,0.95,-0.04,10.18,-0.03,-0.03,-0.01,Nice!
576,2494,2259,2409,2487,10.12,-0.09,1.02,1.02,-0.09,10.12,-0.04,-0.05,-0.01,Nice!
577,2448,2247,2384,2493,10.13,0.01,1.01,1.01,0.01,10.13,-0.04,-0.04,-0.02,Nice!
578,2406,2221,2378,2505,10.09,-0.17,0.96,0.96,-0.17,10.09,-0.04,-0.05,-0.03,Nice!
579,2443,2251,2393,2495,10.18,-0.1,0.77,0.77,-0.1,10.18,-0.03,-0.09,-0.03,Nice!
580,2453,2192,2374,2485,10.26,-0.34,0.91,0.91,-0.34,10.26,0.2,-0.01,-0.02,Nice!
581,2450,1567,2384,2495,10.15,0.11,1.14,1.14,0.11,10.15,0.31,-0.03,-0.02,Nice!
582,2397,1761,2386,2466,10.18,0.33,1.04,1.04,0.33,10.18,0.61,0.06,-0.09,Nice!
583,2449,0,2384,2512,10.11,0.28,1.01,1.01,0.28,10.11,0.3,-0.07,0.07,Nice!
584,2438,0,2362,2486,10.22,0.1,1.16,1.16,0.1,10.22,0.42,0.07,-0.05,Nice!
585,2432,0,2427,2482,10.12,0.38,1.14,1.14,0.38,10.12,-0.01,-0.03,-0.02,Nice!
586,2439,0,2370,2494,10.18,0.42,1.1,1.1,0.42,10.18,0.15,-0.02,-0.03,Nice!
587,2422,0,2386,2491,10.13,0.14,1.32,1.32,0.14,10.13,0.31,-0.02,-0.03,Nice!
588,2448,0,2395,2495,10.07,0.51,1.23,1.23,0.51,10.07,0.26,-0.02,-0.02,Nice!
589,2459,0,2389,2473,10.09,0.51,1.21,1.21,0.51,10.09,0.34,-0.04,-0.01,Nice!
590,2473,0,2385,2459,10.18,0.47,1.38,1.38,0.47,10.18,0.22,-0.05,-0.01,Nice!
591,2427,0,2388,2502,10.15,0.55,1.28,1.28,0.55,10.15,0.15,0,-0.01,Nice!
592,2465,0,2399,2486,10.1,0.49,1.55,1.55,0.49,10.1,-0.01,-0.04,-0.03,Nice!
593,2454,0,2415,2491,10.09,0.64,1.59,1.59,0.64,10.09,-0.05,-0.04,-0.01,Nice!
594,2451,0,2373,2498,10.07,0.59,1.6,1.6,0.59,10.07,-0.03,-0.05,-0.03,Nice!
595,2443,0,2390,2480,10.09,0.71,1.53,1.53,0.71,10.09,-0.04,-0.04,-0.03,Nice!
596,2432,0,2401,2479,10.13,0.7,1.64,1.64,0.7,10.13,-0.06,-0.05,0,Nice!
597,2457,0,2394,2474,10.03,0.72,1.5,1.5,0.72,10.03,-0.02,-0.03,-0.03,Nice!
598,2446,0,2393,2492,10.14,0.62,1.5,1.5,0.62,10.14,-0.26,-0.08,-0.03,Nice!
599,2464,0,2410,2454,10.12,0.82,1.38,1.38,0.82,10.12,-0.32,-0.09,-0.08,Nice!
600,2464,0,2370,2498,10.08,0.57,1.7,1.7,0.57,10.08,-0.13,-0.04,-0.04,Nice!
601,2451,0,2384,2480,10.11,0.68,1.49,1.49,0.68,10.11,-0.3,-0.05,-0.05,Nice!
602,2479,0,2377,2482,10.09,0.6,1.69,1.69,0.6,10.09,-0.14,-0.04,-0.07,Nice!
603,2470,0,2409,2479,10.13,0.45,1.74,1.74,0.45,10.13,-0.31,-0.06,-0.04,Nice!
604,2469,0,2391,2478,10.09,0.23,1.65,1.65,0.23,10.09,-0.19,-0.04,-0.03,Nice!
605,2446,0,2431,2512,10.04,-0.04,1.69,1.69,-0.04,10.04,-0.23,-0.04,-0.03,Nice!
606,2452,0,2384,2507,10.12,-0.07,1.59,1.59,-0.07,10.12,-0.51,-0.09,-0.07,Nice!
607,2477,0,2363,2505,10.19,-0.17,1.56,1.56,-0.17,10.19,-0.18,-0.02,-0.02,Nice!
608,2483,0,2412,2464,10.16,-0.31,1.49,1.49,-0.31,10.16,-0.24,-0.06,-0.02,Nice!
609,2470,0,2436,2496,10.04,-0.38,1.52,1.52,-0.38,10.04,-0.29,-0.03,-0.04,Nice!
610,2450,0,2406,2488,10.13,-0.52,1.47,1.47,-0.52,10.13,-0.16,-0.03,-0.02,Nice!
611,2437,0,2362,2489,10.1,-0.62,1.41,1.41,-0.62,10.1,-0.26,-0.04,0,Nice!
612,2449,0,2416,2475,10.05,-0.86,1.43,1.43,-0.86,10.05,-0.21,-0.05,-0.02,Nice!
613,2449,0,2388,2491,10.07,-1.01,1.43,1.43,-1.01,10.07,-0.2,-0.01,0.04,Nice!
614,2469,0,2411,2473,10.07,-1.08,1.51,1.51,-1.08,10.07,-0.06,-0.03,-0.01,Nice!
615,2471,0,2402,2495,9.99,-1.03,1.62,1.62,-1.03,9.99,-0.08,0,-0.08,Nice!
616,2433,0,2368,2502,10.04,-0.98,1.64,1.64,-0.98,10.04,-0.09,-0.04,-0.05,Nice!
617,2447,0,2398,2503,10.02,-0.9,1.69,1.69,-0.9,10.02,-0.03,0.01,-0.08,Nice!
618,2474,0,2398,2496,9.99,-0.93,1.71,1.71,-0.93,9.99,-0.03,-0.08,0,Nice!
619,2426,0,2381,2485,10.12,-0.84,1.7,1.7,-0.84,10.12,-0.04,-0.04,-0.04,Nice!
620,2462,0,2368,2488,10.02,-0.85,1.67,1.67,-0.85,10.02,-0.04,-0.03,-0.02,Nice!
621,2493,0,2374,2467,10.08,-1.01,1.77,1.77,-1.01,10.08,-0.08,-0.04,-0.03,Nice!
622,2479,0,2398,2515,10.03,-0.85,1.7,1.7,-0.85,10.03,-0.08,-0.06,-0.04,Nice!
623,2416,0,2370,2469,10.07,-0.83,1.65,1.65,-0.83,10.07,0.02,-0.01,-0.03,Nice!
624,2448,0,2386,2468,10.04,-0.98,1.74,1.74,-0.98,10.04,-0.03,-0.06,-0.06,Nice!
625,2466,0,2384,2473,10.05,-0.82,1.61,1.61,-0.82,10.05,-0.06,-0.07,-0.04,Nice!
626,2483,0,2395,2478,10.09,-0.79,1.58,1.58,-0.79,10.09,0.02,-0.05,-0.04,Nice!
627,2419,0,2435,2471,10.04,-0.23,1.45,1.45,-0.23,10.04,0.1,-0.04,-0.01,Nice!
628,2438,0,2394,2485,10.1,-0.69,1.79,1.79,-0.69,10.1,0.43,0,-0.05,Nice!
629,2463,0,2388,2470,10.07,-0.35,1.61,1.61,-0.35,10.07,0.11,-0.08,-0.01,Nice!
630,2446,0,2391,2500,10.02,0.14,1.7,1.7,0.14,10.02,0.23,-0.04,-0.04,Nice!
631,2452,0,2400,2479,10.12,-0.35,1.62,1.62,-0.35,10.12,0.36,-0.01,-0.02,Nice!
632,2455,0,2391,2486,10.07,-0.13,1.69,1.69,-0.13,10.07,0.16,-0.03,-0.02,Nice!
633,2466,0,2415,2480,10.11,-0.01,1.84,1.84,-0.01,10.11,0.77,-0.01,-0.02,Nice!
634,2471,1677,2393,2501,10.18,-0.05,1.53,1.53,-0.05,10.18,0.05,-0.04,-0.02,Nice!
635,2421,2220,2409,2512,10.15,0.08,1.49,1.49,0.08,10.15,-0.03,-0.03,-0.01,Nice!
636,2416,2198,2367,2453,10.15,-0.06,1.52,1.52,-0.06,10.15,-0.02,-0.07,0.01,Nice!
637,2452,2271,2351,2517,10.07,-0.15,1.48,1.48,-0.15,10.07,-0.02,-0.05,-0.01,Nice!
638,2475,2231,2398,2494,10.15,-0.23,1.52,1.52,-0.23,10.15,-0.1,-0.03,-0.02,Nice!
639,2415,2183,2432,2478,10.04,-0.06,1.21,1.21,-0.06,10.04,-0.59,-0.12,-0.05,Nice!
640,2446,2241,2401,2465,10.15,-0.19,1.32,1.32,-0.19,10.15,-0.23,-0.03,-0.03,Nice!
641,2462,0,2407,2495,10.24,-0.17,0.92,0.92,-0.17,10.24,-0.06,-0.37,-0.08,Nice!
642,2384,0,2408,2503,10.14,-0.19,1.04,1.04,-0.19,10.14,-0.06,0.07,0.01,Nice!
643,2435,0,2413,2480,10.12,-0.26,1.03,1.03,-0.26,10.12,-0.06,-0.01,-0.02,Nice!
644,2448,0,2411,2523,10.1,-0.03,1.11,1.11,-0.03,10.1,-0.21,-0.07,-0.01,Nice!
645,2449,0,2383,2527,10.14,-0.33,1.06,1.06,-0.33,10.14,-0.21,-0.06,0,Nice!
646,2480,0,2390,2491,10.18,-0.39,1.05,1.05,-0.39,10.18,-0.18,-0.04,-0.01,Nice!
647,2454,0,2384,2493,10.12,-0.43,0.98,0.98,-0.43,10.12,-0.06,-0.03,-0.03,Nice!
648,2465,0,2402,2481,10.11,-0.49,1.27,1.27,-0.49,10.11,-0.04,-0.05,0,Nice!
649,2400,0,2393,2459,10.13,-0.62,0.86,0.86,-0.62,10.13,-0.07,-0.08,-0.08,Nice!
650,2477,2245,2387,2485,9.96,-0.15,0.63,0.63,-0.15,9.96,-0.2,0,-0.07,Nice!
651,2449,0,2388,2498,10.08,-0.22,0.73,0.73,-0.22,10.08,-0.06,-0.07,-0.02,Nice!
652,2442,0,2385,2486,10.15,-0.34,0.41,0.41,-0.34,10.15,-0.02,-0.03,-0.04,Nice!
653,2438,0,2384,2512,10.14,-0.23,0.29,0.29,-0.23,10.14,-0.03,-0.03,-0.04,Nice!
654,2438,0,2397,2465,10.16,-0.11,-0.02,-0.02,-0.11,10.16,0.01,-0.12,-0.01,Nice!
655,2503,0,2385,2482,10.12,-0.27,0.09,0.09,-0.27,10.12,0.08,-0.05,-0.02,Nice!
656,2434,0,2383,2495,10.2,-0.15,0.09,0.09,-0.15,10.2,0.09,-0.02,-0.03,Nice!
657,2434,0,2387,2529,10.24,-0.19,0.14,0.14,-0.19,10.24,0.37,-0.05,0.02,Nice!
658,2488,0,2382,2499,10.08,0.05,1.26,1.26,0.05,10.08,0.06,0.12,-0.08,Nice!
659,2441,0,2384,2512,10.11,0.21,1,1,0.21,10.11,-0.1,-0.08,-0.06,Nice!
660,2448,2183,2391,2496,10.39,-0.07,0.44,0.44,-0.07,10.39,-0.11,0.2,-0.04,Nice!
661,2385,2211,2413,2480,10.07,-0.28,1.35,1.35,-0.28,10.07,-0.03,0.03,0.01,Nice!
662,2453,2233,2411,2464,10.19,-0.11,1.28,1.28,-0.11,10.19,-0.03,-0.03,-0.03,Nice!
663,2439,2243,2384,2506,10.06,0.01,1.23,1.23,0.01,10.06,-0.44,-0.11,-0.03,Nice!
664,2462,2226,2417,2482,10.25,-0.36,1.04,1.04,-0.36,10.25,-0.36,-0.07,-0.02,Nice!
665,2421,2225,2382,2496,10.17,-0.24,0.83,0.83,-0.24,10.17,-0.28,-0.06,-0.02,Nice!
666,2426,2236,2379,2483,10.08,-0.01,0.72,0.72,-0.01,10.08,-0.32,-0.07,-0.01,Nice!
667,2432,2239,2375,2499,10.12,-0.37,0.62,0.62,-0.37,10.12,-0.04,-0.04,0,Nice!
668,2458,2257,2386,2475,10.21,-0.4,0.6,0.6,-0.4,10.21,-0.04,-0.04,-0.03,Nice!
669,2443,2224,2368,2519,10.06,-0.35,0.62,0.62,-0.35,10.06,0,-0.04,-0.02,Nice!
670,2448,2230,2363,2493,10.16,-0.38,0.63,0.63,-0.38,10.16,0.09,-0.02,0.01,Nice!
671,2448,0,2401,2480,10.22,-0.5,0.38,0.38,-0.5,10.22,-0.01,-0.02,-0.03,Nice!
672,2461,2255,2411,2496,10.08,-0.52,0.89,0.89,-0.52,10.08,-0.04,0.08,-0.04,Nice!
673,2475,2241,2399,2509,10.09,-0.51,1.03,1.03,-0.51,10.09,-0.03,-0.05,-0.03,Nice!
674,2454,2227,2382,2486,10.07,-0.66,1.27,1.27,-0.66,10.07,-0.1,0.01,-0.04,Nice!
675,2443,2230,2372,2501,10.07,-0.32,0.84,0.84,-0.32,10.07,-0.12,-0.03,-0.03,Nice!
676,2462,2246,2387,2513,10.1,-0.53,0.77,0.77,-0.53,10.1,-0.04,-0.02,-0.01,Nice!
677,2438,2249,2387,2489,10.09,-0.62,0.9,0.9,-0.62,10.09,0.13,-0.05,-0.02,Nice!
678,2443,2253,2393,2515,10.28,-0.57,0.81,0.81,-0.57,10.28,0.25,-0.12,0,Nice!
679,2419,2250,2375,2489,10.12,-0.29,1.33,1.33,-0.29,10.12,0.38,-0.08,-0.04,Nice!
680,2490,2250,2415,2485,10.21,0,1.02,1.02,0,10.21,0.61,-0.04,-0.03,Nice!
681,2441,2235,2384,2522,10.15,-0.09,1.11,1.11,-0.09,10.15,0.22,-0.23,0.09,Nice!
682,2450,0,2393,2500,10.11,-1.19,0.06,0.06,-1.19,10.11,0.07,0.02,0.22,Nice!
683,2461,0,2378,2523,10.04,-0.88,0.17,0.17,-0.88,10.04,-0.08,-0.04,-0.09,Nice!
